"","Symbol"
"1","DDD"
"2","MMM"
"3","WBAI"
"4","WUBA"
"5","EGHT"
"6","AHC"
"7","ATEN"
"8","AAC"
"9","AIR"
"10","AAN"
"11","ABB"
"12","ABT"
"13","ABBV"
"14","ANF"
"15","GCH"
"16","ACP"
"17","JEQ"
"18","SGF"
"19","ABM"
"20","AKR"
"21","ACN"
"22","ACCO"
"23","ATV"
"24","ATU"
"25","AYI"
"26","GOLF"
"27","ADX"
"28","PEO"
"29","AGRO"
"30","ADNT"
"31","ADT"
"32","ATGE"
"33","AAP"
"34","ADSW"
"35","WMS"
"36","ASX"
"37","ASIX"
"38","AAV"
"39","AVK"
"40","AGC"
"41","LCM"
"42","ACM"
"43","ANW"
"44","AEB"
"45","AED"
"46","AEG"
"47","AEH"
"48","AEK"
"49","AER"
"50","HIVE"
"51","AJRD"
"52","AET"
"53","AMG"
"54","AFL"
"55","MITT"
"56","AGCO"
"57","A"
"58","AEM"
"59","ADC"
"60","AL"
"61","APD"
"62","AYR"
"63","AKS"
"64","ALG"
"65","AGI"
"66","ALK"
"67","AIN"
"68","ALB"
"69","AA"
"70","ALEX"
"71","ALX"
"72","ARE"
"73","AQN"
"74","BABA"
"75","Y"
"76","ATI"
"77","ALLE"
"78","AGN"
"79","ALE"
"80","AKP"
"81","ADS"
"82","AFB"
"83","AOI"
"84","AWF"
"85","AB"
"86","LNT"
"87","CBH"
"88","NCV"
"89","NCZ"
"90","ACV"
"91","NIE"
"92","NFJ"
"93","ALSN"
"94","ALL"
"95","ALLY"
"96","AGD"
"97","AWP"
"98","AOD"
"99","AYX"
"100","ATUS"
"101","MO"
"102","ACH"
"103","AMBR"
"104","ABEV"
"105","AMC"
"106","AEE"
"107","AMRC"
"108","AMOV"
"109","AMX"
"110","AAT"
"111","AXL"
"112","ACC"
"113","AEO"
"114","AEP"
"115","AEL"
"116","AXP"
"117","AFG"
"118","AFGE"
"119","AFGH"
"120","AMH"
"121","AIG"
"122","AMID"
"123","ARL"
"124","ARA"
"125","AWR"
"126","AMT"
"127","AVD"
"128","AWK"
"129","COLD"
"130","APU"
"131","AMP"
"132","ABC"
"133","ANFI"
"134","AMN"
"135","AP"
"136","APH"
"137","AXR"
"138","AME"
"139","AFSS"
"140","AFST"
"141","AEUA"
"142","APC"
"143","ANDV"
"144","ANDX"
"145","AU"
"146","BUD"
"147","AXE"
"148","NLY"
"149","AMGP"
"150","AM"
"151","AR"
"152","ANTM"
"153","ANTX"
"154","ANH"
"155","AON"
"156","APA"
"157","AIV"
"158","ARI"
"159","APO"
"160","AIY"
"161","AFT"
"162","AIF"
"163","APLE"
"164","AIT"
"165","ATR"
"166","APTV"
"167","WTR"
"168","AQ"
"169","WAAS"
"170","ARMK"
"171","ABR"
"172","ARC"
"173","MT"
"174","ARCH"
"175","ADM"
"176","AROC"
"177","ARNC"
"178","ARCO"
"179","RCUS"
"180","ARD"
"181","ASC"
"182","AFC"
"183","ACRE"
"184","ARDC"
"185","ARES"
"186","AGX"
"187","ANET"
"188","AI"
"189","AIC"
"190","AIW"
"191","AHH"
"192","ARR"
"193","AFI"
"194","AWI"
"195","ARW"
"196","AJG"
"197","APAM"
"198","ASA"
"199","ABG"
"200","AHP"
"201","AHT"
"202","ASH"
"203","APB"
"204","GRR"
"205","ASPN"
"206","AHL"
"207","ASB"
"208","AC"
"209","AIZ"
"210","AIZP"
"211","AGO"
"212","AZN"
"213","HOME"
"214","T"
"215","TBB"
"216","ATTO"
"217","ATH"
"218","ATKR"
"219","AT"
"220","ATO"
"221","AUO"
"222","ATHM"
"223","ALV"
"224","AN"
"225","AZO"
"226","AVB"
"227","AGR"
"228","AVYA"
"229","AVY"
"230","AVH"
"231","AVA"
"232","AVT"
"233","AVP"
"234","AVX"
"235","AXTA"
"236","AXS"
"237","AZUL"
"238","AZRE"
"239","AZZ"
"240","BGS"
"241","BW"
"242","BGH"
"243","BMI"
"244","BHGE"
"245","BBN"
"246","BLL"
"247","BANC"
"248","BBVA"
"249","BBD"
"250","BBDO"
"251","BCH"
"252","BLX"
"253","BSMX"
"254","BSBR"
"255","BSAC"
"256","SAN"
"257","CIB"
"258","BXS"
"259","BAC"
"260","BOH"
"261","BMO"
"262","NTB"
"263","BK"
"264","BNS"
"265","BKU"
"266","BCS"
"267","MCI"
"268","MPV"
"269","BNED"
"270","BKS"
"271","B"
"272","ABX"
"273","BAS"
"274","BAX"
"275","BTE"
"276","BBT"
"277","BFR"
"278","BBX"
"279","BCE"
"280","BZH"
"281","BDX"
"282","BDXA"
"283","BDC"
"284","BXE"
"285","BEL"
"286","BMS"
"287","BHE"
"288","BHLB"
"289","BERY"
"290","BBY"
"291","BSTI"
"292","BGCA"
"293","BHP"
"294","BBL"
"295","BIG"
"296","BH"
"297","BBG"
"298","BHVN"
"299","BIO"
"300","BITA"
"301","BKH"
"302","BKHU"
"303","BKI"
"304","BSM"
"305","BB"
"306","BGIO"
"307","BJZ"
"308","BFZ"
"309","CII"
"310","BHK"
"311","HYT"
"312","BTZ"
"313","DSU"
"314","BGR"
"315","BDJ"
"316","EGF"
"317","FRA"
"318","BFO"
"319","BGT"
"320","BOE"
"321","BME"
"322","BAF"
"323","BKT"
"324","BGY"
"325","BKN"
"326","BTA"
"327","BIT"
"328","MUI"
"329","MNE"
"330","MUA"
"331","BPK"
"332","BKK"
"333","BBK"
"334","BBF"
"335","BYM"
"336","BFK"
"337","BTT"
"338","MEN"
"339","MUC"
"340","MUH"
"341","MHD"
"342","MFL"
"343","MUJ"
"344","MHN"
"345","MUE"
"346","MUS"
"347","MVT"
"348","MYC"
"349","MCA"
"350","MYD"
"351","MYF"
"352","MFT"
"353","MIY"
"354","MYJ"
"355","MYN"
"356","MPA"
"357","MQT"
"358","MYI"
"359","MQY"
"360","BNJ"
"361","BNY"
"362","BLH"
"363","BQH"
"364","BSE"
"365","BCX"
"366","BST"
"367","BSD"
"368","BUI"
"369","BLK"
"370","BGB"
"371","BGX"
"372","BSL"
"373","APRN"
"374","BCRH"
"375","BXG"
"376","BXC"
"377","BWP"
"378","BA"
"379","BCC"
"380","BCEI"
"381","BOOT"
"382","BAH"
"383","BWA"
"384","SAM"
"385","BXP"
"386","BSX"
"387","BOX"
"388","BYD"
"389","BPMP"
"390","BP"
"391","BPT"
"392","BRC"
"393","BDN"
"394","BWG"
"395","LND"
"396","BAK"
"397","BRFS"
"398","BPI"
"399","BGG"
"400","BFAM"
"401","BEDU"
"402","EAT"
"403","BCO"
"404","BMY"
"405","BRS"
"406","BTI"
"407","BRX"
"408","BR"
"409","BKD"
"410","BAM"
"411","BBU"
"412","INF"
"413","BIP"
"414","RA"
"415","BEP"
"416","BRO"
"417","BRT"
"418","BC"
"419","BT"
"420","BPL"
"421","BKE"
"422","BVN"
"423","BBW"
"424","BG"
"425","BURL"
"426","BWXT"
"427","BY"
"428","CJ"
"429","GYB"
"430","PFH"
"431","CABO"
"432","CBT"
"433","COG"
"434","CACI"
"435","WHD"
"436","CADE"
"437","CAE"
"438","CAI"
"439","CAL"
"440","CRC"
"441","CWT"
"442","CALX"
"443","ELY"
"444","CPE"
"445","CBM"
"446","CPT"
"447","CCJ"
"448","CPB"
"449","CWH"
"450","GOOS"
"451","CM"
"452","CNI"
"453","CNQ"
"454","CP"
"455","CNNE"
"456","CAJ"
"457","CMD"
"458","COF"
"459","CSU"
"460","BXMT"
"461","CIC"
"462","CMO"
"463","CRR"
"464","CAH"
"465","CRCM"
"466","CSL"
"467","KMX"
"468","CCL"
"469","CUK"
"470","CRS"
"471","CSV"
"472","CARS"
"473","CRI"
"474","CVNA"
"475","CSLT"
"476","CTLT"
"477","CTT"
"478","CAT"
"479","CATO"
"480","CBZ"
"481","CBL"
"482","CBO"
"483","IGR"
"484","CBG"
"485","CBS"
"486","CBX"
"487","FUN"
"488","CDR"
"489","CGI"
"490","CE"
"491","CLS"
"492","CEL"
"493","CPAC"
"494","CX"
"495","CVE"
"496","CNC"
"497","CEN"
"498","CNP"
"499","EBR"
"500","CEPU"
"501","CCS"
"502","CTL"
"503","CF"
"504","CGG"
"505","GIB"
"506","ECOM"
"507","CRL"
"508","CLDT"
"509","CMCM"
"510","CHGG"
"511","CHE"
"512","CC"
"513","CHMI"
"514","CHK"
"515","CHKR"
"516","CHSP"
"517","CPK"
"518","CVX"
"519","CBI"
"520","CHS"
"521","CIM"
"522","CO"
"523","DL"
"524","CEA"
"525","CHN"
"526","CGA"
"527","LFC"
"528","CHL"
"529","BORN"
"530","COE"
"531","SNP"
"532","XRF"
"533","ZNH"
"534","CHA"
"535","CHU"
"536","CYD"
"537","ZX"
"538","CMG"
"539","CHH"
"540","CBK"
"541","CB"
"542","CHT"
"543","CHD"
"544","CIEN"
"545","CI"
"546","XEC"
"547","CBB"
"548","CNK"
"549","CINR"
"550","CIR"
"551","CISN"
"552","CIT"
"553","BLW"
"554","C"
"555","CFG"
"556","CIA"
"557","CIO"
"558","CVEO"
"559","CIVI"
"560","CLH"
"561","CCO"
"562","CBA"
"563","CEM"
"564","EMO"
"565","CTR"
"566","CLW"
"567","CLF"
"568","CLPR"
"569","CLX"
"570","CLD"
"571","CLDR"
"572","CMS"
"573","CMSA"
"574","CNA"
"575","CNHI"
"576","CNO"
"577","CEO"
"578","CNXM"
"579","CEIX"
"580","CNX"
"581","KOF"
"582","KO"
"583","CCE"
"584","CDE"
"585","FOF"
"586","INB"
"587","CNS"
"588","UTF"
"589","LDP"
"590","MIE"
"591","RQI"
"592","RNP"
"593","PSF"
"594","RFI"
"595","CFX"
"596","CL"
"597","CXE"
"598","CIF"
"599","CXH"
"600","CMU"
"601","CLNC"
"602","CLNS"
"603","CXP"
"604","STK"
"605","CCZ"
"606","CMA"
"607","FIX"
"608","CMC"
"609","CBU"
"610","CYH"
"611","CHCT"
"612","CIG"
"613","CBD"
"614","SBS"
"615","ELP"
"616","CCU"
"617","CODI"
"618","CMP"
"619","CRK"
"620","CAG"
"621","CXO"
"622","CCM"
"623","CNDT"
"624","COP"
"625","CCR"
"626","ED"
"627","STZ"
"628","CSTM"
"629","TCS"
"630","CBPX"
"631","CLR"
"632","VLRS"
"633","CVG"
"634","CTB"
"635","CPS"
"636","CPA"
"637","CLB"
"638","CXW"
"639","CLGX"
"640","CORR"
"641","COR"
"642","GLW"
"643","CAAP"
"644","GYC"
"645","CCT"
"646","OFC"
"647","CZZ"
"648","CMRE"
"649","COTV"
"650","COT"
"651","COTY"
"652","CUZ"
"653","CVA"
"654","CPF"
"655","CPL"
"656","CR"
"657","BAP"
"658","CS"
"659","CPG"
"660","CEQP"
"661","CRH"
"662","CRT"
"663","CAPL"
"664","CCI"
"665","CCK"
"666","CRY"
"667","CSRA"
"668","CSS"
"669","CTS"
"670","CUBE"
"671","CUB"
"672","CFR"
"673","CULP"
"674","CMI"
"675","CURO"
"676","CW"
"677","SRF"
"678","SRV"
"679","SZC"
"680","SZC~"
"681","CUBI"
"682","CUBS"
"683","CVI"
"684","UAN"
"685","CVRR"
"686","CVS"
"687","CELP"
"688","CYS"
"689","DHI"
"690","DAN"
"691","DHR"
"692","DAC"
"693","DQ"
"694","DRI"
"695","DAR"
"696","DVA"
"697","DCP"
"698","DCT"
"699","DDR"
"700","DF"
"701","DECK"
"702","DE"
"703","DEX"
"704","DDF"
"705","DKL"
"706","DK"
"707","DVMT"
"708","DLPH"
"709","DAL"
"710","DLX"
"711","DNR"
"712","DESP"
"713","DKT"
"714","DB"
"715","DXB"
"716","DVN"
"717","DHX"
"718","DHT"
"719","DEO"
"720","DO"
"721","DRH"
"722","DSX"
"723","DSXN"
"724","DKS"
"725","DBD"
"726","DLR"
"727","DDS"
"728","DDT"
"729","DIN"
"730","DPLO"
"731","DFS"
"732","DHCP"
"733","DNI"
"734","DLB"
"735","DG"
"736","DM"
"737","D"
"738","DCUD"
"739","DRUA"
"740","DPZ"
"741","UFS"
"742","DCI"
"743","DFIN"
"744","LPG"
"745","DSL"
"746","DBL"
"747","PLOW"
"748","DEI"
"749","DOV"
"750","DDE"
"751","DVD"
"752","DWDP"
"753","DPS"
"754","RDY"
"755","DRD"
"756","DCF"
"757","DHF"
"758","DMB"
"759","DSM"
"760","LEO"
"761","DRQ"
"762","DS"
"763","DST"
"764","DSW"
"765","DTE"
"766","DTJ"
"767","DTQ"
"768","DTV"
"769","DTW"
"770","DTY"
"771","DCO"
"772","DPG"
"773","DSE"
"774","DNP"
"775","DTF"
"776","DUC"
"777","DUK"
"778","DUKH"
"779","DRE"
"780","DNB"
"781","DXC"
"782","DY"
"783","DLNG"
"784","DYN"
"785","DYNC"
"786","DX"
"787","ELF"
"788","SSP"
"789","EGIF"
"790","EXP"
"791","ECC"
"792","ECCA"
"793","ECCB"
"794","ECCY"
"795","ECCZ"
"796","ESTE"
"797","DEA"
"798","EGP"
"799","EMN"
"800","KODK"
"801","ETN"
"802","ETV"
"803","ETW"
"804","EV"
"805","EOI"
"806","EOS"
"807","EFT"
"808","EFL"
"809","EFF"
"810","EHT"
"811","ETX"
"812","EOT"
"813","EVN"
"814","ETJ"
"815","EFR"
"816","EVF"
"817","EVG"
"818","EVT"
"819","ETO"
"820","EXD"
"821","ETG"
"822","ETB"
"823","ETY"
"824","EXG"
"825","ECT"
"826","ECR"
"827","ECL"
"828","EC"
"829","EIX"
"830","EDR"
"831","EW"
"832","EHIC"
"833","EE"
"834","EGO"
"835","ELVT"
"836","LLY"
"837","ELLI"
"838","EFC"
"839","EARN"
"840","ERJ"
"841","EME"
"842","EEX"
"843","EMES"
"844","EBS"
"845","EMR"
"846","ESRT"
"847","EIG"
"848","EDN"
"849","ENBL"
"850","EEQ"
"851","EEP"
"852","ENB"
"853","ECA"
"854","EHC"
"855","EXK"
"856","NDRO"
"857","ENIA"
"858","ENIC"
"859","EOCC"
"860","EGN"
"861","ENR"
"862","EPC"
"863","ETE"
"864","ETP"
"865","ERF"
"866","ENS"
"867","EGL"
"868","E"
"869","ENLK"
"870","ENLC"
"871","EBF"
"872","ENVA"
"873","NPO"
"874","ESV"
"875","ETM"
"876","EAB"
"877","EAE"
"878","EAI"
"879","ETR"
"880","ELC"
"881","ELJ"
"882","ELU"
"883","EMP"
"884","ENJ"
"885","ENO"
"886","EZT"
"887","EPD"
"888","EVC"
"889","ENV"
"890","EVHC"
"891","EVA"
"892","ENZ"
"893","EOG"
"894","EPE"
"895","EPAM"
"896","EPR"
"897","EQT"
"898","EQGP"
"899","EQM"
"900","EFX"
"901","EQC"
"902","ELS"
"903","EQR"
"904","EQS"
"905","ERA"
"906","EROS"
"907","ESE"
"908","ESNT"
"909","ESS"
"910","EL"
"911","ESL"
"912","ETH"
"913","EURN"
"914","EEA"
"915","EVR"
"916","RE"
"917","EVRI"
"918","ES"
"919","EVTC"
"920","EVH"
"921","AQUA"
"922","EXC"
"923","EXPR"
"924","STAY"
"925","EXTN"
"926","EXR"
"927","XOM"
"928","FNB"
"929","FN"
"930","FDS"
"931","FICO"
"932","FMSA"
"933","SFUN"
"934","FPI"
"935","FBK"
"936","FFG"
"937","FCB"
"938","AGM"
"939","FRT"
"940","FSS"
"941","FII"
"942","FMN"
"943","FDX"
"944","RACE"
"945","FGP"
"946","FOE"
"947","FG"
"948","FCAU"
"949","FBR"
"950","FNF"
"951","FIS"
"952","FMO"
"953","FAC"
"954","FAF"
"955","FBP"
"956","FCFS"
"957","FCF"
"958","FDC"
"959","FHN"
"960","FR"
"961","AG"
"962","FRC"
"963","FFA"
"964","FMY"
"965","FDEU"
"966","FIF"
"967","FSD"
"968","FPF"
"969","FEI"
"970","FPL"
"971","FIV"
"972","FCT"
"973","FGB"
"974","FHY"
"975","FEO"
"976","FAM"
"977","FE"
"978","FIT"
"979","OAKS"
"980","FPH"
"981","FBC"
"982","DFP"
"983","PFD"
"984","PFO"
"985","FFC"
"986","FLC"
"987","FLT"
"988","FND"
"989","FTK"
"990","FLO"
"991","FLS"
"992","FLR"
"993","FLY"
"994","FMC"
"995","FMX"
"996","FL"
"997","F"
"998","FELP"
"999","FOR"
"1000","FTS"
"1001","FTV"
"1002","FTAI"
"1003","FSM"
"1004","FBHS"
"1005","FET"
"1006","FBM"
"1007","FCPT"
"1008","FEDU"
"1009","FNV"
"1010","FC"
"1011","FSB"
"1012","BEN"
"1013","FT"
"1014","FI"
"1015","FCX"
"1016","FMS"
"1017","FDP"
"1018","RESI"
"1019","FRO"
"1020","FSIC"
"1021","FCN"
"1022","FTSI"
"1023","FF"
"1024","GCV"
"1025","GDV"
"1026","GAB"
"1027","GGZ"
"1028","GGT"
"1029","GUT"
"1030","GFA"
"1031","GCAP"
"1032","GBL"
"1033","GNT"
"1034","GME"
"1035","GPS"
"1036","GDI"
"1037","IT"
"1038","GLOG"
"1039","GLOP"
"1040","GTES"
"1041","GATX"
"1042","GMTA"
"1043","GZT"
"1044","GCP"
"1045","GNK"
"1046","GNRT"
"1047","GNRC"
"1048","GAM"
"1049","BGC"
"1050","GD"
"1051","GEK"
"1052","GE"
"1053","GIS"
"1054","GM"
"1055","GCO"
"1056","GWR"
"1057","GEL"
"1058","GEN"
"1059","GNE"
"1060","G"
"1061","GPC"
"1062","GNW"
"1063","GEO"
"1064","GPRK"
"1065","GPJA"
"1066","GGB"
"1067","GTY"
"1068","GGP"
"1069","GIG"
"1070","GIG~"
"1071","GIL"
"1072","GLT"
"1073","GKOS"
"1074","GSK"
"1075","BRSS"
"1076","GMRE"
"1077","GNL"
"1078","GLP"
"1079","GPN"
"1080","GSL"
"1081","GLOB"
"1082","GMED"
"1083","GMS"
"1084","GNC"
"1085","GDDY"
"1086","GOL"
"1087","GFI"
"1088","GG"
"1089","GSBD"
"1090","GS"
"1091","GER"
"1092","GMZ"
"1093","GRC"
"1094","GPX"
"1095","GGG"
"1096","GHM"
"1097","GHC"
"1098","GPT"
"1099","GRAM"
"1100","GVA"
"1101","GPMT"
"1102","GPK"
"1103","GTN"
"1104","AJX"
"1105","AJXA"
"1106","GXP"
"1107","GWB"
"1108","GDOT"
"1109","GBX"
"1110","GHL"
"1111","GEF"
"1112","GFF"
"1113","GPI"
"1114","GRUB"
"1115","PAC"
"1116","ASR"
"1117","AVAL"
"1118","SUPV"
"1119","TV"
"1120","GTT"
"1121","GSH"
"1122","GES"
"1123","GGM"
"1124","GPM"
"1125","GOF"
"1126","GBAB"
"1127","GWRE"
"1128","HRB"
"1129","FUL"
"1130","HAE"
"1131","HK"
"1132","HAL"
"1133","HYH"
"1134","HBB"
"1135","HBI"
"1136","HASI"
"1137","HOG"
"1138","HMY"
"1139","HRS"
"1140","HSC"
"1141","HHS"
"1142","HGH"
"1143","HIG"
"1144","HVT"
"1145","HE"
"1146","HCHC"
"1147","HCA"
"1148","HCI"
"1149","HCP"
"1150","HDB"
"1151","HR"
"1152","HTA"
"1153","HL"
"1154","HEI"
"1155","HLX"
"1156","HP"
"1157","HLF"
"1158","HRI"
"1159","HTGC"
"1160","HTGX"
"1161","HRTG"
"1162","HT"
"1163","HSY"
"1164","HTZ"
"1165","HES"
"1166","HESM"
"1167","HPE"
"1168","HXL"
"1169","HF"
"1170","HCLP"
"1171","HFRO"
"1172","HIW"
"1173","HIL"
"1174","HI"
"1175","HRC"
"1176","HTH"
"1177","HGV"
"1178","HLT"
"1179","HNI"
"1180","HMLP"
"1181","HEP"
"1182","HFC"
"1183","HD"
"1184","HMC"
"1185","HON"
"1186","HMN"
"1187","HZN"
"1188","HTFA"
"1189","HRL"
"1190","HOS"
"1191","HST"
"1192","HLI"
"1193","HOV"
"1194","HHC"
"1195","HPQ"
"1196","HRG"
"1197","HSBC"
"1198","HSEA"
"1199","HSEB"
"1200","HMI"
"1201","HNP"
"1202","HUBB"
"1203","HUBS"
"1204","HBM"
"1205","HUD"
"1206","HPP"
"1207","HGT"
"1208","HUM"
"1209","HII"
"1210","HUN"
"1211","H"
"1212","HY"
"1213","IAG"
"1214","IBN"
"1215","IDA"
"1216","IEX"
"1217","IDT"
"1218","IDT$"
"1219","ITW"
"1220","IMAX"
"1221","ICD"
"1222","IHC"
"1223","IRT"
"1224","IFN"
"1225","IBA"
"1226","INFY"
"1227","HIFR"
"1228","ING"
"1229","ISF"
"1230","ISG"
"1231","IR"
"1232","NGVT"
"1233","INGR"
"1234","IIPR"
"1235","IPHI"
"1236","INSI"
"1237","NSP"
"1238","IBP"
"1239","INST"
"1240","ITGR"
"1241","I"
"1242","ICE"
"1243","IHG"
"1244","IFF"
"1245","IBM"
"1246","IGT"
"1247","IP"
"1248","INSW"
"1249","IPG"
"1250","INXN"
"1251","IPI"
"1252","XON"
"1253","IVC"
"1254","VBF"
"1255","VCV"
"1256","VTA"
"1257","IHIT"
"1258","IHTA"
"1259","VLT"
"1260","IVR"
"1261","OIA"
"1262","VMO"
"1263","VKQ"
"1264","VPV"
"1265","IVZ"
"1266","IQI"
"1267","VVR"
"1268","VTN"
"1269","VGM"
"1270","IIM"
"1271","ITG"
"1272","IRET"
"1273","NVTA"
"1274","INVH"
"1275","IO"
"1276","IQV"
"1277","IRM"
"1278","IRS"
"1279","ICL"
"1280","STAR"
"1281","ITCB"
"1282","ITUB"
"1283","ITT"
"1284","IVH"
"1285","JPM"
"1286","JAX"
"1287","JILL"
"1288","JCP"
"1289","SJM"
"1290","JBL"
"1291","JEC"
"1292","JAG"
"1293","JHX"
"1294","JHG"
"1295","JOF"
"1296","JBGS"
"1297","JELD"
"1298","JCAP"
"1299","JT"
"1300","JKS"
"1301","JMP"
"1302","JMPB"
"1303","JMPD"
"1304","JBT"
"1305","BTO"
"1306","HEQ"
"1307","JHS"
"1308","JHI"
"1309","HPF"
"1310","HPI"
"1311","HPS"
"1312","PDT"
"1313","HTD"
"1314","HTY"
"1315","JNJ"
"1316","JCI"
"1317","JONE"
"1318","JLL"
"1319","JMEI"
"1320","JNPR"
"1321","JP"
"1322","JE"
"1323","LRN"
"1324","KAI"
"1325","KDMN"
"1326","KAMN"
"1327","KSU"
"1328","KS"
"1329","KAR"
"1330","KED"
"1331","KYE"
"1332","KMF"
"1333","KYN"
"1334","KB"
"1335","KBH"
"1336","KBR"
"1337","KAP"
"1338","FRAC"
"1339","K"
"1340","KEM"
"1341","KMPA"
"1342","KMPR"
"1343","KMT"
"1344","KW"
"1345","KEN"
"1346","KEG"
"1347","KEY"
"1348","KEYS"
"1349","KRC"
"1350","KRP"
"1351","KMB"
"1352","KIM"
"1353","KMI"
"1354","KND"
"1355","KFS"
"1356","KGC"
"1357","KEX"
"1358","KL"
"1359","KRG"
"1360","KKR"
"1361","KIO"
"1362","KREF"
"1363","KMG"
"1364","KNX"
"1365","KNL"
"1366","KNOP"
"1367","KN"
"1368","KSS"
"1369","PHG"
"1370","KOP"
"1371","KEP"
"1372","KF"
"1373","KFY"
"1374","KOS"
"1375","KRA"
"1376","KR"
"1377","KRO"
"1378","KT"
"1379","KYO"
"1380","LB"
"1381","SCX"
"1382","LLL"
"1383","LQ"
"1384","LH"
"1385","LADR"
"1386","LW"
"1387","LCI"
"1388","LPI"
"1389","LVS"
"1390","LHO"
"1391","LTM"
"1392","LDF"
"1393","LGI"
"1394","LAZ"
"1395","LOR"
"1396","LZB"
"1397","LCII"
"1398","LFGR"
"1399","LEA"
"1400","LEE"
"1401","LGC"
"1402","LM"
"1403","LMHA"
"1404","LMHB"
"1405","LEG"
"1406","JBK"
"1407","KTH"
"1408","KTN"
"1409","KTP"
"1410","LDOS"
"1411","LEJU"
"1412","LC"
"1413","LEN"
"1414","LII"
"1415","LUK"
"1416","LXP"
"1417","LPL"
"1418","USA"
"1419","ASG"
"1420","LBRT"
"1421","LPT"
"1422","LSI"
"1423","LITB"
"1424","LNC"
"1425","LNN"
"1426","LN"
"1427","LKM"
"1428","LAD"
"1429","LAC"
"1430","LYV"
"1431","LYG"
"1432","SCD"
"1433","LMT"
"1434","L"
"1435","LOMA"
"1436","LPX"
"1437","LOW"
"1438","LXU"
"1439","LKSD"
"1440","LTC"
"1441","LUB"
"1442","LL"
"1443","LXFR"
"1444","LXFT"
"1445","LDL"
"1446","WLH"
"1447","LYB"
"1448","MTB"
"1449","MDC"
"1450","MHO"
"1451","MAC"
"1452","CLI"
"1453","MFD"
"1454","MGU"
"1455","MIC"
"1456","BMA"
"1457","M"
"1458","MCN"
"1459","MSP"
"1460","MMP"
"1461","MGA"
"1462","MX"
"1463","MHLA"
"1464","MHNC"
"1465","MAIN"
"1466","MMD"
"1467","MNK"
"1468","MZF"
"1469","MANU"
"1470","MTW"
"1471","MN"
"1472","MAN"
"1473","MFC"
"1474","MRO"
"1475","MPC"
"1476","MMI"
"1477","MCS"
"1478","MRIN"
"1479","MPX"
"1480","HZO"
"1481","MKL"
"1482","VAC"
"1483","MMC"
"1484","MLM"
"1485","MAS"
"1486","DOOR"
"1487","MTZ"
"1488","MA"
"1489","MTDR"
"1490","MTRN"
"1491","MATX"
"1492","MLP"
"1493","MAXR"
"1494","MMS"
"1495","MXL"
"1496","MBI"
"1497","MKC"
"1498","MDR"
"1499","MCD"
"1500","MUX"
"1501","MCK"
"1502","MDU"
"1503","MTL"
"1504","MRT"
"1505","MPW"
"1506","MED"
"1507","MCC"
"1508","MCV"
"1509","MCX"
"1510","MDLQ"
"1511","MDLX"
"1512","MDLY"
"1513","MD"
"1514","MDT"
"1515","MRK"
"1516","MCY"
"1517","MDP"
"1518","MTH"
"1519","MTOR"
"1520","PIY"
"1521","MTR"
"1522","MSB"
"1523","MEI"
"1524","MET"
"1525","MCB"
"1526","MTD"
"1527","MXE"
"1528","MXF"
"1529","MFA"
"1530","MFO"
"1531","MFCB"
"1532","MCR"
"1533","MGF"
"1534","MIN"
"1535","MMT"
"1536","MFM"
"1537","MFV"
"1538","MTG"
"1539","MGP"
"1540","MGM"
"1541","KORS"
"1542","MFGP"
"1543","MAA"
"1544","MSL"
"1545","MPO"
"1546","MCRN"
"1547","MLR"
"1548","HIE"
"1549","MTX"
"1550","MG"
"1551","MTU"
"1552","MIXT"
"1553","MFG"
"1554","MBT"
"1555","MODN"
"1556","MOD"
"1557","MC"
"1558","MHK"
"1559","MOH"
"1560","TAP"
"1561","MNR"
"1562","MON"
"1563","MCO"
"1564","MS"
"1565","APF"
"1566","CAF"
"1567","MSD"
"1568","EDD"
"1569","MSF"
"1570","IIF"
"1571","MOSC"
"1572","MOS"
"1573","MSI"
"1574","MOV"
"1575","MPLX"
"1576","MRC"
"1577","ICB"
"1578","HJV"
"1579","MSA"
"1580","MSM"
"1581","MSCI"
"1582","MSGN"
"1583","MLI"
"1584","MWA"
"1585","MULE"
"1586","MUR"
"1587","MUSA"
"1588","MVO"
"1589","MVC"
"1590","MVCD"
"1591","MYE"
"1592","MYOV"
"1593","NBR"
"1594","NC"
"1595","NTP"
"1596","NTEST"
"1597","NBHC"
"1598","NFG"
"1599","NGG"
"1600","NHI"
"1601","NOV"
"1602","NPK"
"1603","NNN"
"1604","SID"
"1605","NSA"
"1606","NSM"
"1607","NGS"
"1608","NGVC"
"1609","NRP"
"1610","NTZ"
"1611","NLS"
"1612","NCI"
"1613","NVGS"
"1614","NNA"
"1615","NM"
"1616","NAP"
"1617","NMM"
"1618","NAV"
"1619","NCS"
"1620","NCR"
"1621","NP"
"1622","NNI"
"1623","NPTN"
"1624","NETS"
"1625","NVRO"
"1626","HYB"
"1627","GF"
"1628","NWHM"
"1629","IRL"
"1630","NEWM"
"1631","NMFC"
"1632","EDU"
"1633","NEWR"
"1634","NRZ"
"1635","SNR"
"1636","NWY"
"1637","NYCB"
"1638","NYRT"
"1639","NYT"
"1640","NWL"
"1641","NFX"
"1642","NJR"
"1643","NEU"
"1644","NEM"
"1645","NR"
"1646","NEXA"
"1647","NHF"
"1648","NXRT"
"1649","NEP"
"1650","NEE"
"1651","NGL"
"1652","NLSN"
"1653","NKE"
"1654","NINE"
"1655","NI"
"1656","NL"
"1657","NOAH"
"1658","NE"
"1659","NBL"
"1660","NBLX"
"1661","NOK"
"1662","NOMD"
"1663","NMR"
"1664","OSB"
"1665","NAO"
"1666","NAT"
"1667","JWN"
"1668","NSC"
"1669","NOA"
"1670","NRT"
"1671","NOC"
"1672","NRE"
"1673","NWN"
"1674","NWE"
"1675","NCLH"
"1676","NVS"
"1677","NVO"
"1678","DNOW"
"1679","NRG"
"1680","NYLD"
"1681","DCM"
"1682","NUS"
"1683","NUE"
"1684","NS"
"1685","NSH"
"1686","NSS"
"1687","NTR"
"1688","JMLP"
"1689","NVG"
"1690","NUV"
"1691","NUW"
"1692","NEA"
"1693","NAZ"
"1694","NBB"
"1695","NBD"
"1696","NKX"
"1697","NCB"
"1698","NCA"
"1699","NAC"
"1700","NTC"
"1701","JCE"
"1702","JCO"
"1703","JQC"
"1704","JDD"
"1705","DIAX"
"1706","JEMD"
"1707","JMF"
"1708","NEV"
"1709","JFR"
"1710","JRO"
"1711","NKG"
"1712","JGH"
"1713","JHA"
"1714","JHY"
"1715","JHD"
"1716","JHB"
"1717","NXC"
"1718","NXN"
"1719","NID"
"1720","NMY"
"1721","NMT"
"1722","NUM"
"1723","NMS"
"1724","NOM"
"1725","JLS"
"1726","JMM"
"1727","NHA"
"1728","NZF"
"1729","NMZ"
"1730","NMI"
"1731","NJV"
"1732","NXJ"
"1733","NRK"
"1734","NYV"
"1735","NNY"
"1736","NAN"
"1737","NNC"
"1738","NUO"
"1739","NPN"
"1740","NQP"
"1741","JPC"
"1742","JPS"
"1743","JPT"
"1744","JPI"
"1745","NAD"
"1746","JRI"
"1747","JRS"
"1748","BXMX"
"1749","SPXX"
"1750","NIM"
"1751","NXP"
"1752","NXQ"
"1753","NXR"
"1754","NSL"
"1755","JSD"
"1756","JTD"
"1757","JTA"
"1758","NTX"
"1759","NPV"
"1760","NIQ"
"1761","JMT"
"1762","NVR"
"1763","OAK"
"1764","OSLE"
"1765","OMP"
"1766","OAS"
"1767","OBE"
"1768","OXY"
"1769","OII"
"1770","OZM"
"1771","OCIP"
"1772","OCN"
"1773","OFG"
"1774","OGE"
"1775","OIS"
"1776","ODC"
"1777","ORI"
"1778","OLN"
"1779","OMAA"
"1780","OMAM"
"1781","OHI"
"1782","OMC"
"1783","OMN"
"1784","ASGN"
"1785","ONDK"
"1786","OGS"
"1787","OLP"
"1788","OMAD"
"1789","OMF"
"1790","OKE"
"1791","OOMA"
"1792","OPY"
"1793","ORCL"
"1794","ORAN"
"1795","OA"
"1796","ORC"
"1797","OEC"
"1798","ORN"
"1799","IX"
"1800","ORA"
"1801","OSK"
"1802","OR"
"1803","OUT"
"1804","OSG"
"1805","OMI"
"1806","OC"
"1807","OI"
"1808","OXM"
"1809","PAI"
"1810","ROYT"
"1811","PCG"
"1812","PKG"
"1813","PAGS"
"1814","PANW"
"1815","PAM"
"1816","P"
"1817","PHX"
"1818","PARR"
"1819","PAR"
"1820","PGRE"
"1821","PKE"
"1822","PK"
"1823","PKD"
"1824","PH"
"1825","PE"
"1826","PRTY"
"1827","PAYC"
"1828","PBF"
"1829","PBFX"
"1830","BTU"
"1831","PSO"
"1832","PEB"
"1833","PBA"
"1834","PGH"
"1835","PEI"
"1836","PFSI"
"1837","PMT"
"1838","PAG"
"1839","PNR"
"1840","PEN"
"1841","PFGC"
"1842","PKI"
"1843","PBT"
"1844","PRGO"
"1845","PZE"
"1846","PTR"
"1847","PBR"
"1848","PQ"
"1849","PFE"
"1850","PGTI"
"1851","PHH"
"1852","PM"
"1853","PSX"
"1854","PSXP"
"1855","FENG"
"1856","DOC"
"1857","PDM"
"1858","PIR"
"1859","PCQ"
"1860","PCK"
"1861","PZC"
"1862","PCM"
"1863","PTY"
"1864","PCN"
"1865","PCI"
"1866","PDI"
"1867","PGP"
"1868","PHK"
"1869","PKO"
"1870","PFL"
"1871","PFN"
"1872","PMF"
"1873","PML"
"1874","PMX"
"1875","PNF"
"1876","PNI"
"1877","PYN"
"1878","RCS"
"1879","PF"
"1880","PNW"
"1881","PES"
"1882","PHD"
"1883","PHT"
"1884","MAV"
"1885","MHI"
"1886","PXD"
"1887","PJC"
"1888","PBI"
"1889","PJT"
"1890","PAA"
"1891","PAGP"
"1892","PLNT"
"1893","PLT"
"1894","PAH"
"1895","AGS"
"1896","PHI"
"1897","PGEM"
"1898","PNC"
"1899","PNM"
"1900","PII"
"1901","POL"
"1902","POR"
"1903","PKX"
"1904","POST"
"1905","PPDF"
"1906","PPG"
"1907","PPX"
"1908","PPL"
"1909","PYS"
"1910","PYT"
"1911","PQG"
"1912","PX"
"1913","PDS"
"1914","APTS"
"1915","PBH"
"1916","PVG"
"1917","PRI"
"1918","PGZ"
"1919","PRA"
"1920","PG"
"1921","PGR"
"1922","PLD"
"1923","PUMP"
"1924","PRO"
"1925","PBB"
"1926","PB"
"1927","PRLB"
"1928","PFS"
"1929","PFK"
"1930","PJH"
"1931","PRH"
"1932","PRU"
"1933","GHY"
"1934","PUK"
"1935","ISD"
"1936","PSB"
"1937","TLK"
"1938","PEG"
"1939","PSA"
"1940","PHM"
"1941","PSTG"
"1942","PCF"
"1943","PMM"
"1944","PIM"
"1945","PMO"
"1946","PPT"
"1947","PVH"
"1948","PZN"
"1949","QTWO"
"1950","QEP"
"1951","QGEN"
"1952","QTS"
"1953","QUAD"
"1954","KWR"
"1955","QCP"
"1956","NX"
"1957","PWR"
"1958","QTM"
"1959","QD"
"1960","DGX"
"1961","QES"
"1962","QHC"
"1963","QUOT"
"1964","CTAA"
"1965","CTBB"
"1966","CTDD"
"1967","CTU"
"1968","CTV"
"1969","CTW"
"1970","CTX"
"1971","CTY"
"1972","CTZ"
"1973","RRD"
"1974","RDN"
"1975","RAS"
"1976","RFT"
"1977","RFTA"
"1978","RL"
"1979","RPT"
"1980","RRC"
"1981","RNGR"
"1982","RJF"
"1983","RYAM"
"1984","RYN"
"1985","RTN"
"1986","RMAX"
"1987","RLGY"
"1988","O"
"1989","RHT"
"1990","RLH"
"1991","RWT"
"1992","RBC"
"1993","RWGE"
"1994","REG"
"1995","RM"
"1996","RF"
"1997","RGS"
"1998","RGA"
"1999","RZA"
"2000","RZB"
"2001","RS"
"2002","RENX"
"2003","RELX"
"2004","RNR"
"2005","SOL"
"2006","RENN"
"2007","RSG"
"2008","RMD"
"2009","REN"
"2010","RFP"
"2011","RSO"
"2012","QSR"
"2013","RPAI"
"2014","REVG"
"2015","REV"
"2016","REX"
"2017","REXR"
"2018","RXN"
"2019","RH"
"2020","RMP"
"2021","RNG"
"2022","RIO"
"2023","RBA"
"2024","RAD"
"2025","RIV"
"2026","OPP"
"2027","RLI"
"2028","RLJ"
"2029","RRTS"
"2030","RHI"
"2031","ROK"
"2032","COL"
"2033","RCI"
"2034","ROG"
"2035","ROL"
"2036","ROP"
"2037","RST"
"2038","RDC"
"2039","RY"
"2040","RBS"
"2041","RCL"
"2042","RGT"
"2043","RMT"
"2044","RVT"
"2045","RES"
"2046","RPM"
"2047","RSPP"
"2048","RTEC"
"2049","RYB"
"2050","R"
"2051","RYI"
"2052","RHP"
"2053","SPGI"
"2054","SBR"
"2055","SB"
"2056","SFE"
"2057","SAFE"
"2058","SAIL"
"2059","CRM"
"2060","SMM"
"2061","SBH"
"2062","SJT"
"2063","SN"
"2064","SD"
"2065","SDT"
"2066","SDR"
"2067","PER"
"2068","SNY"
"2069","SC"
"2070","SAP"
"2071","SAB"
"2072","SAR"
"2073","SSL"
"2074","BFS"
"2075","SCG"
"2076","SLB"
"2077","SNDR"
"2078","SWM"
"2079","SAIC"
"2080","SALT"
"2081","SLTB"
"2082","SBBC"
"2083","SBNA"
"2084","STNG"
"2085","SMG"
"2086","KMM"
"2087","KTF"
"2088","KST"
"2089","KSM"
"2090","SE"
"2091","SA"
"2092","CKH"
"2093","SMHI"
"2094","SDRL"
"2095","SDLP"
"2096","SEE"
"2097","SSW"
"2098","SSWA"
"2099","SSWN"
"2100","SEAS"
"2101","JBN"
"2102","JBR"
"2103","WTTR"
"2104","SEM"
"2105","SGZA"
"2106","SEMG"
"2107","SMI"
"2108","SRE"
"2109","SEND"
"2110","ST"
"2111","SXT"
"2112","SQNS"
"2113","SRG"
"2114","SCI"
"2115","SERV"
"2116","NOW"
"2117","SHAK"
"2118","SJR"
"2119","SHLX"
"2120","SHW"
"2121","SHG"
"2122","SFL"
"2123","SHOP"
"2124","SSTK"
"2125","SBGL"
"2126","SIG"
"2127","SBOW"
"2128","SPG"
"2129","SSD"
"2130","SHI"
"2131","SITE"
"2132","SIX"
"2133","SJW"
"2134","SKM"
"2135","SKX"
"2136","SLG"
"2137","SM"
"2138","SFS"
"2139","SNN"
"2140","AOS"
"2141","SNAP"
"2142","SNA"
"2143","IPOA"
"2144","SQM"
"2145","SOGO"
"2146","SOI"
"2147","SAH"
"2148","SON"
"2149","SNE"
"2150","BID"
"2151","SOR"
"2152","SJI"
"2153","SXE"
"2154","SO"
"2155","SOJA"
"2156","SOJB"
"2157","SOJC"
"2158","SCCO"
"2159","LUV"
"2160","SWX"
"2161","SWN"
"2162","SPA"
"2163","SPE"
"2164","SEP"
"2165","SPB"
"2166","TRK"
"2167","SR"
"2168","SPR"
"2169","SAVE"
"2170","SRC"
"2171","SRLP"
"2172","S"
"2173","SPXC"
"2174","FLOW"
"2175","SQ"
"2176","JOE"
"2177","STAG"
"2178","SSI"
"2179","SMP"
"2180","SXI"
"2181","SWJ"
"2182","SWK"
"2183","SWP"
"2184","STN"
"2185","SGU"
"2186","SRT"
"2187","STWD"
"2188","STT"
"2189","STO"
"2190","SPLP"
"2191","SCS"
"2192","SCA"
"2193","SCM"
"2194","SCL"
"2195","STE"
"2196","STL"
"2197","STC"
"2198","SF"
"2199","SFB"
"2200","STM"
"2201","SGY"
"2202","EDF"
"2203","EDI"
"2204","STON"
"2205","SRI"
"2206","STOR"
"2207","GJH"
"2208","GJO"
"2209","GJS"
"2210","SYK"
"2211","RGR"
"2212","SPH"
"2213","SMFG"
"2214","INN"
"2215","SUM"
"2216","SMLP"
"2217","SUI"
"2218","SLF"
"2219","SXCP"
"2220","SXC"
"2221","SU"
"2222","SUN"
"2223","SHO"
"2224","STI"
"2225","SPN"
"2226","SUP"
"2227","SVU"
"2228","SLD"
"2229","SLDA"
"2230","SWZ"
"2231","SWCH"
"2232","SYF"
"2233","SNX"
"2234","SNV"
"2235","GJP"
"2236","GJR"
"2237","GJT"
"2238","GJV"
"2239","SYY"
"2240","SYX"
"2241","DATA"
"2242","TAHO"
"2243","TLRD"
"2244","TWN"
"2245","TSM"
"2246","TAL"
"2247","TEGP"
"2248","TEP"
"2249","SKT"
"2250","TPR"
"2251","TRGP"
"2252","TGT"
"2253","TARO"
"2254","TTM"
"2255","TCO"
"2256","TMHC"
"2257","TCP"
"2258","TCF"
"2259","TSI"
"2260","TEL"
"2261","TISI"
"2262","FTI"
"2263","TECK"
"2264","TK"
"2265","TGP"
"2266","TOO"
"2267","TNK"
"2268","GCI"
"2269","TGNA"
"2270","TRC"
"2271","HQH"
"2272","THQ"
"2273","HQL"
"2274","THW"
"2275","TDOC"
"2276","TLRA"
"2277","TEO"
"2278","TI"
"2279","TDY"
"2280","TFX"
"2281","VIV"
"2282","TEF"
"2283","TDA"
"2284","TDE"
"2285","TDI"
"2286","TDJ"
"2287","TDS"
"2288","TU"
"2289","TDF"
"2290","EMF"
"2291","TEI"
"2292","GIM"
"2293","TPX"
"2294","TS"
"2295","THC"
"2296","TNC"
"2297","TEN"
"2298","TVC"
"2299","TVE"
"2300","TDC"
"2301","TER"
"2302","TEX"
"2303","TX"
"2304","TNH"
"2305","TRNO"
"2306","TTI"
"2307","TEVA"
"2308","TPL"
"2309","TGH"
"2310","TXT"
"2311","AES"
"2312","BX"
"2313","CEE"
"2314","SCHW"
"2315","COO"
"2316","GRX"
"2317","GDL"
"2318","THG"
"2319","THGA"
"2320","MSG"
"2321","RUBI"
"2322","TRV"
"2323","TMO"
"2324","THR"
"2325","TPRE"
"2326","TSLF"
"2327","TCRX"
"2328","TCRZ"
"2329","TRI"
"2330","THO"
"2331","TDW"
"2332","TIER"
"2333","TIF"
"2334","TLYS"
"2335","TSU"
"2336","TWX"
"2337","TKR"
"2338","TMST"
"2339","TWI"
"2340","TJX"
"2341","TOL"
"2342","TR"
"2343","BLD"
"2344","TMK"
"2345","TTC"
"2346","TD"
"2347","NDP"
"2348","TYG"
"2349","NTG"
"2350","TTP"
"2351","TPZ"
"2352","TOT"
"2353","TSS"
"2354","TOWR"
"2355","TSQ"
"2356","TM"
"2357","TPGE"
"2358","TPGH"
"2359","TRTX"
"2360","TSLX"
"2361","TAC"
"2362","TRP"
"2363","TCI"
"2364","TDG"
"2365","TLP"
"2366","RIG"
"2367","TGS"
"2368","TRU"
"2369","TVPT"
"2370","TREC"
"2371","TG"
"2372","THS"
"2373","TREX"
"2374","TY"
"2375","TPH"
"2376","TCAP"
"2377","TCCA"
"2378","TCCB"
"2379","TRCO"
"2380","TNET"
"2381","TRN"
"2382","TSE"
"2383","TPVG"
"2384","TPVY"
"2385","GTS"
"2386","TRTN"
"2387","TGI"
"2388","TROX"
"2389","TBI"
"2390","TNP"
"2391","TUP"
"2392","TKC"
"2393","TPB"
"2394","TRQ"
"2395","TPC"
"2396","TWLO"
"2397","TWTR"
"2398","TWO"
"2399","TYL"
"2400","TSN"
"2401","USB"
"2402","USPH"
"2403","SLCA"
"2404","UBS"
"2405","UGI"
"2406","UGP"
"2407","UMH"
"2408","UA"
"2409","UAA"
"2410","UFI"
"2411","UNF"
"2412","UN"
"2413","UL"
"2414","UNP"
"2415","UIS"
"2416","UNT"
"2417","UAL"
"2418","UDR"
"2419","UMC"
"2420","UPS"
"2421","URI"
"2422","USM"
"2423","UZA"
"2424","UZB"
"2425","UZC"
"2426","X"
"2427","UTX"
"2428","UNH"
"2429","UTL"
"2430","UNVR"
"2431","UVV"
"2432","UHT"
"2433","UHS"
"2434","UVE"
"2435","UTI"
"2436","UNM"
"2437","UE"
"2438","UBA"
"2439","UBP"
"2440","USFD"
"2441","USAC"
"2442","USNA"
"2443","USDP"
"2444","USG"
"2445","BIF"
"2446","VFC"
"2447","EGY"
"2448","MTN"
"2449","VALE"
"2450","VRX"
"2451","VLO"
"2452","VLP"
"2453","VHI"
"2454","VR"
"2455","VLY"
"2456","VMI"
"2457","VVV"
"2458","VAR"
"2459","VGR"
"2460","VVC"
"2461","VEC"
"2462","VEDL"
"2463","VEEV"
"2464","VNTR"
"2465","VTRB"
"2466","VTR"
"2467","VER"
"2468","PAY"
"2469","VRTV"
"2470","VZ"
"2471","VZA"
"2472","VET"
"2473","VRS"
"2474","VSM"
"2475","VVI"
"2476","VICI"
"2477","VCO"
"2478","VNCE"
"2479","VIPS"
"2480","ZTR"
"2481","VGI"
"2482","ZF"
"2483","V"
"2484","VSH"
"2485","VPG"
"2486","VSTO"
"2487","VST"
"2488","VSI"
"2489","VSLR"
"2490","VMW"
"2491","VOC"
"2492","VCRA"
"2493","VG"
"2494","VNO"
"2495","VJET"
"2496","IAE"
"2497","IHD"
"2498","VOYA"
"2499","IGA"
"2500","IGD"
"2501","IDE"
"2502","IID"
"2503","IRR"
"2504","PPR"
"2505","VMC"
"2506","WTI"
"2507","WPC"
"2508","WRB"
"2509","GRA"
"2510","GWW"
"2511","WNC"
"2512","WBC"
"2513","WDR"
"2514","WAGE"
"2515","WD"
"2516","WMT"
"2517","DIS"
"2518","HCC"
"2519","WPG"
"2520","WRE"
"2521","WCN"
"2522","WM"
"2523","WAT"
"2524","WSO"
"2525","WTS"
"2526","W"
"2527","WFT"
"2528","WBS"
"2529","WEC"
"2530","WTW"
"2531","WRI"
"2532","WMK"
"2533","WBT"
"2534","WCG"
"2535","WFC"
"2536","EOD"
"2537","WELL"
"2538","WAIR"
"2539","WCC"
"2540","WST"
"2541","WR"
"2542","WAL"
"2543","WALA"
"2544","WEA"
"2545","TLI"
"2546","EMD"
"2547","GDO"
"2548","EHI"
"2549","HIX"
"2550","HIO"
"2551","HYI"
"2552","SBI"
"2553","IGI"
"2554","MMU"
"2555","WMC"
"2556","DMO"
"2557","MTT"
"2558","MHF"
"2559","MNP"
"2560","GFY"
"2561","WIW"
"2562","WIA"
"2563","WGP"
"2564","WES"
"2565","WU"
"2566","WAB"
"2567","WLK"
"2568","WLKP"
"2569","WMLP"
"2570","WBK"
"2571","WRK"
"2572","WHG"
"2573","WEX"
"2574","WY"
"2575","WGL"
"2576","WPM"
"2577","WHR"
"2578","WTM"
"2579","WSR"
"2580","WLL"
"2581","WOW"
"2582","WRD"
"2583","WG"
"2584","WMB"
"2585","WPZ"
"2586","WSM"
"2587","WGO"
"2588","WIT"
"2589","WNS"
"2590","WWW"
"2591","WF"
"2592","WK"
"2593","INT"
"2594","WWE"
"2595","WP"
"2596","WOR"
"2597","WPP"
"2598","WPX"
"2599","WPXP"
"2600","WYN"
"2601","XFLT"
"2602","XHR"
"2603","XRM"
"2604","XRX"
"2605","XIN"
"2606","XL"
"2607","XOXO"
"2608","XPO"
"2609","XYL"
"2610","AUY"
"2611","YELP"
"2612","YEXT"
"2613","YGE"
"2614","YRD"
"2615","YPF"
"2616","YUMC"
"2617","YUM"
"2618","ZAYO"
"2619","ZEN"
"2620","ZBH"
"2621","ZBK"
"2622","ZOES"
"2623","ZTS"
"2624","ZTO"
"2625","ZYME"
"2626","XXII"
"2627","FAX"
"2628","IAF"
"2629","CH"
"2630","ABE"
"2631","FCO"
"2632","IF"
"2633","ISL"
"2634","ACU"
"2635","ATNM"
"2636","AE"
"2637","ACY"
"2638","AIRI"
"2639","AXU"
"2640","ALO"
"2641","AAU"
"2642","APT"
"2643","AAMC"
"2644","DIT"
"2645","ALN"
"2646","AMS"
"2647","USAS"
"2648","AMPE"
"2649","APHB"
"2650","AKG"
"2651","AINC"
"2652","AST"
"2653","AUG"
"2654","AWX"
"2655","ASM"
"2656","BTG"
"2657","BTN"
"2658","BKJ"
"2659","BCV"
"2660","BHB"
"2661","BRN"
"2662","BGSF"
"2663","BPMX"
"2664","BTX"
"2665","BGI"
"2666","BZM"
"2667","MHE"
"2668","BLE"
"2669","BLJ"
"2670","BFY"
"2671","BHV"
"2672","BDR"
"2673","BRG"
"2674","BVX"
"2675","CMCL"
"2676","CEI"
"2677","CANF"
"2678","ROX"
"2679","CAW"
"2680","CVM"
"2681","CET"
"2682","LEU"
"2683","CCF"
"2684","CQH"
"2685","CQP"
"2686","LNG"
"2687","CVR"
"2688","CPHI"
"2689","CKX"
"2690","GLV"
"2691","GLQ"
"2692","GLO"
"2693","COHN"
"2694","MOC"
"2695","CIX"
"2696","LODE"
"2697","CDOR"
"2698","CTO"
"2699","MCF"
"2700","CUO"
"2701","CMT"
"2702","CVRS"
"2703","CRMD"
"2704","CRF"
"2705","CLM"
"2706","CVU"
"2707","CIK"
"2708","DHY"
"2709","CRHM"
"2710","CRVP"
"2711","CTEK"
"2712","DXR"
"2713","VCF"
"2714","VFL"
"2715","VMM"
"2716","DLA"
"2717","DNN"
"2718","DGSE"
"2719","DSS"
"2720","DPW"
"2721","DMF"
"2722","DXF"
"2723","GRF"
"2724","EVM"
"2725","EIA"
"2726","CEV"
"2727","EVV"
"2728","MAB"
"2729","MMV"
"2730","MIW"
"2731","EMI"
"2732","EIM"
"2733","EIV"
"2734","EMJ"
"2735","EVJ"
"2736","ENX"
"2737","NYH"
"2738","EVY"
"2739","EIO"
"2740","EVO"
"2741","EIP"
"2742","EVP"
"2743","ELMD"
"2744","ELLO"
"2745","ECF"
"2746","EMAN"
"2747","MSN"
"2748","EMX"
"2749","UUUU"
"2750","ENRJ"
"2751","ENSV"
"2752","ESNC"
"2753","EGI"
"2754","EVI"
"2755","ERN"
"2756","ESP"
"2757","EVBN"
"2758","EPM"
"2759","FEN"
"2760","BDL"
"2761","FSI"
"2762","FTF"
"2763","FSP"
"2764","FRD"
"2765","FTNW"
"2766","GGN"
"2767","GST"
"2768","JOB"
"2769","GMO"
"2770","GSB"
"2771","GSAT"
"2772","GLOW"
"2773","GORO"
"2774","GSV"
"2775","AUMN"
"2776","GSS"
"2777","GV"
"2778","GDP"
"2779","GTE"
"2780","GPL"
"2781","SIM"
"2782","GVP"
"2783","GLF"
"2784","HEB"
"2785","HCAC"
"2786","HMG"
"2787","HUSA"
"2788","IBIO"
"2789","IBO"
"2790","IEC"
"2791","IMUC"
"2792","IMH"
"2793","IMO"
"2794","IOR"
"2795","IGC"
"2796","INFU"
"2797","IHT"
"2798","NSPR"
"2799","IDN"
"2800","INS"
"2801","THM"
"2802","INTT"
"2803","INUV"
"2804","VKI"
"2805","ISR"
"2806","ISDR"
"2807","JRJR"
"2808","KIQ"
"2809","KLDX"
"2810","LTS"
"2811","LTSL"
"2812","LAQ"
"2813","LEVB"
"2814","LGL"
"2815","LBY"
"2816","LLEX"
"2817","LIQT"
"2818","MAG"
"2819","MJCO"
"2820","MHH"
"2821","MTNB"
"2822","MNI"
"2823","IPB"
"2824","MXC"
"2825","CCA"
"2826","MICR"
"2827","MLSS"
"2828","MVF"
"2829","MZA"
"2830","MYO"
"2831","NNVC"
"2832","ATEST"
"2833","NHC"
"2834","NAVB"
"2835","NTIP"
"2836","NBW"
"2837","NHS"
"2838","NBH"
"2839","NML"
"2840","NBO"
"2841","NRO"
"2842","UWN"
"2843","NSU"
"2844","GBR"
"2845","NEN"
"2846","NGD"
"2847","NXE"
"2848","HLTH"
"2849","NAK"
"2850","NOG"
"2851","NBY"
"2852","NG"
"2853","NTN"
"2854","NES"
"2855","OCX"
"2856","OGEN"
"2857","TIS"
"2858","ONP"
"2859","ORM"
"2860","PTN"
"2861","PZG"
"2862","TEUM"
"2863","PRK"
"2864","PED"
"2865","PFNX"
"2866","HNW"
"2867","PLG"
"2868","PLYM"
"2869","PLM"
"2870","PW"
"2871","PLX"
"2872","RLGT"
"2873","RFL$"
"2874","UTG"
"2875","REED"
"2876","RHE"
"2877","RWC"
"2878","RCG"
"2879","RVP"
"2880","RNN"
"2881","REI"
"2882","RIF"
"2883","SACH"
"2884","SGA"
"2885","SNMP"
"2886","SAND"
"2887","SEB"
"2888","SENS"
"2889","SVT"
"2890","SMTS"
"2891","SIF"
"2892","SVM"
"2893","SKY"
"2894","XPL"
"2895","SGB"
"2896","LOV"
"2897","SRCI"
"2898","SSY"
"2899","SDPI"
"2900","SYN"
"2901","TKAT"
"2902","TRX"
"2903","TGB"
"2904","TIK"
"2905","TGC"
"2906","GLU"
"2907","GGO"
"2908","TMP"
"2909","TAT"
"2910","TRXC"
"2911","TMQ"
"2912","TPHS"
"2913","TRT"
"2914","HTM"
"2915","UFAB"
"2916","UAMY"
"2917","UUU"
"2918","UQM"
"2919","URG"
"2920","UEC"
"2921","VII"
"2922","VHC"
"2923","VGZ"
"2924","VNRX"
"2925","VISI"
"2926","EAD"
"2927","ERC"
"2928","ERH"
"2929","WRN"
"2930","WYY"
"2931","WTT"
"2932","XTNT"
"2933","YUMA"
"2934","ZDGE"
"2935","ZOM"
"2936","PIH"
"2937","TURN"
"2938","FLWS"
"2939","FCCY"
"2940","SRCE"
"2941","VNET"
"2942","TWOU"
"2943","JOBS"
"2944","CAFD"
"2945","EGHT"
"2946","AVHI"
"2947","SHLM"
"2948","AAON"
"2949","ABAX"
"2950","ABEO"
"2951","ABEOW"
"2952","ABIL"
"2953","ABMD"
"2954","ABLX"
"2955","AXAS"
"2956","ACIU"
"2957","ACIA"
"2958","ACTG"
"2959","ACHC"
"2960","ACAD"
"2961","ACST"
"2962","AXDX"
"2963","XLRN"
"2964","ANCX"
"2965","ARAY"
"2966","ACRX"
"2967","ACER"
"2968","ACERW"
"2969","ACET"
"2970","AKAO"
"2971","ACHV"
"2972","ACHN"
"2973","ACIW"
"2974","ACRS"
"2975","ACMR"
"2976","ACNB"
"2977","ACOR"
"2978","SQZZ"
"2979","ATVI"
"2980","ACXM"
"2981","ADMS"
"2982","ADMP"
"2983","ADAP"
"2984","ADUS"
"2985","AEY"
"2986","IOTS"
"2987","ADMA"
"2988","ADBE"
"2989","ADOM"
"2990","ADTN"
"2991","ADRO"
"2992","ADES"
"2993","AEIS"
"2994","AMD"
"2995","ADXS"
"2996","ADXSW"
"2997","ADVM"
"2998","ACT"
"2999","AEGN"
"3000","AGLE"
"3001","AEHR"
"3002","AMTX"
"3003","AERI"
"3004","AVAV"
"3005","AEZS"
"3006","AEMD"
"3007","GNMX"
"3008","AFMD"
"3009","AGEN"
"3010","AGRX"
"3011","AGYS"
"3012","AGIO"
"3013","AGNC"
"3014","AGNCB"
"3015","AGNCN"
"3016","AGFS"
"3017","AGFSW"
"3018","ALRN"
"3019","AIMT"
"3020","AIRT"
"3021","ATSG"
"3022","AIRG"
"3023","AMCN"
"3024","AKAM"
"3025","AKTX"
"3026","AKCA"
"3027","AKBA"
"3028","AKER"
"3029","AKRX"
"3030","AKTS"
"3031","ALRM"
"3032","ALSK"
"3033","ALBO"
"3034","ABDC"
"3035","ALDR"
"3036","ALDX"
"3037","ALXN"
"3038","ALCO"
"3039","ALGN"
"3040","ALIM"
"3041","ALJJ"
"3042","ALKS"
"3043","ABTX"
"3044","ALGT"
"3045","ALNA"
"3046","AHGP"
"3047","AMMA"
"3048","ARLP"
"3049","AHPI"
"3050","AMOT"
"3051","ALQA"
"3052","ALLT"
"3053","MDRX"
"3054","AFAM"
"3055","ALNY"
"3056","AOSL"
"3057","GOOG"
"3058","GOOGL"
"3059","SMCP"
"3060","ATEC"
"3061","ALPN"
"3062","SWIN"
"3063","AMR"
"3064","AMRWW"
"3065","AABA"
"3066","ALTR"
"3067","ALT"
"3068","ASPS"
"3069","AIMC"
"3070","AMAG"
"3071","AMRN"
"3072","AMRK"
"3073","AMZN"
"3074","AMBC"
"3075","AMBCW"
"3076","AMBA"
"3077","AMCX"
"3078","DOX"
"3079","AMDA"
"3080","AMED"
"3081","UHAL"
"3082","AMRH"
"3083","AMRHW"
"3084","ATAX"
"3085","AMOV"
"3086","AAL"
"3087","ACSF"
"3088","AETI"
"3089","AMNB"
"3090","ANAT"
"3091","AOBC"
"3092","APEI"
"3093","ARII"
"3094","AMRB"
"3095","AMSWA"
"3096","AMSC"
"3097","AMWD"
"3098","CRMT"
"3099","ABCB"
"3100","AMSF"
"3101","ASRV"
"3102","ASRVP"
"3103","ATLO"
"3104","AMGN"
"3105","FOLD"
"3106","AMKR"
"3107","AMPH"
"3108","IBUY"
"3109","ASYS"
"3110","AFSI"
"3111","AMRS"
"3112","ADI"
"3113","ALOG"
"3114","ANAB"
"3115","AVXL"
"3116","ANCB"
"3117","ANGI"
"3118","ANGO"
"3119","ANIP"
"3120","ANIK"
"3121","ANSS"
"3122","ATRS"
"3123","ANTH"
"3124","APLS"
"3125","APOG"
"3126","APEN"
"3127","AINV"
"3128","AMEH"
"3129","APPF"
"3130","APPN"
"3131","AAPL"
"3132","ARCI"
"3133","APDN"
"3134","APDNW"
"3135","AGTC"
"3136","AMAT"
"3137","AAOI"
"3138","AREX"
"3139","APTI"
"3140","APRI"
"3141","APVO"
"3142","APTO"
"3143","AQMS"
"3144","AQB"
"3145","AQXP"
"3146","ARDM"
"3147","ARLZ"
"3148","PETX"
"3149","ABUS"
"3150","ARCW"
"3151","ABIO"
"3152","RKDA"
"3153","ARCB"
"3154","ACGL"
"3155","ACGLO"
"3156","ACGLP"
"3157","APLP"
"3158","FUV"
"3159","ARCT"
"3160","ARDX"
"3161","ARNA"
"3162","ARCC"
"3163","ARGX"
"3164","AGII"
"3165","AGIIL"
"3166","ARGS"
"3167","ARKR"
"3168","ARMO"
"3169","ARTX"
"3170","ARQL"
"3171","ARRY"
"3172","ARRS"
"3173","DWCR"
"3174","DWAT"
"3175","AROW"
"3176","ARWR"
"3177","ASNS"
"3178","ARTNA"
"3179","ARTW"
"3180","ASNA"
"3181","ASND"
"3182","ASCMA"
"3183","APWC"
"3184","ASML"
"3185","ASPU"
"3186","AZPN"
"3187","ASMB"
"3188","ASFI"
"3189","ASTE"
"3190","ATRO"
"3191","ALOT"
"3192","ASTC"
"3193","ASUR"
"3194","ASV"
"3195","ATAI"
"3196","ATRA"
"3197","ATHN"
"3198","ATNX"
"3199","ATHX"
"3200","ATAC"
"3201","ATACR"
"3202","ATACU"
"3203","AAME"
"3204","ACBI"
"3205","ACFC"
"3206","AY"
"3207","ATLC"
"3208","AAWW"
"3209","AFH"
"3210","AFHBL"
"3211","TEAM"
"3212","ATNI"
"3213","ATOM"
"3214","ATOS"
"3215","ATRC"
"3216","ATRI"
"3217","ATTU"
"3218","LIFE"
"3219","AUBN"
"3220","BOLD"
"3221","AUDC"
"3222","AUPH"
"3223","EARS"
"3224","ADSK"
"3225","ADP"
"3226","AUTO"
"3227","AVDL"
"3228","ATXI"
"3229","AVEO"
"3230","AVXS"
"3231","AVNW"
"3232","CDMO"
"3233","CDMOP"
"3234","AVID"
"3235","AVGR"
"3236","CAR"
"3237","AHPA"
"3238","AHPAU"
"3239","AHPAW"
"3240","AWRE"
"3241","ACLS"
"3242","AXGN"
"3243","AAXN"
"3244","AXON"
"3245","AXSM"
"3246","AXTI"
"3247","AYTU"
"3248","AZRX"
"3249","BCOM"
"3250","RILY"
"3251","RILYG"
"3252","RILYL"
"3253","RILYZ"
"3254","BOSC"
"3255","BIDU"
"3256","BCPC"
"3257","BWINA"
"3258","BWINB"
"3259","BLDP"
"3260","BANF"
"3261","BANFP"
"3262","BCTF"
"3263","BAND"
"3264","BOCH"
"3265","BMRC"
"3266","BMLP"
"3267","BKSC"
"3268","BOTJ"
"3269","OZRK"
"3270","BFIN"
"3271","BWFG"
"3272","BANR"
"3273","BZUN"
"3274","DFVL"
"3275","DFVS"
"3276","DLBL"
"3277","DLBS"
"3278","DTUL"
"3279","DTUS"
"3280","DTYL"
"3281","DTYS"
"3282","FLAT"
"3283","STPP"
"3284","TAPR"
"3285","BHAC"
"3286","BHACR"
"3287","BHACU"
"3288","BHACW"
"3289","BBSI"
"3290","BSET"
"3291","BYBK"
"3292","BCBP"
"3293","BECN"
"3294","BSF"
"3295","BBGI"
"3296","BBBY"
"3297","BGNE"
"3298","BELFA"
"3299","BELFB"
"3300","BLPH"
"3301","BLCM"
"3302","BNCL"
"3303","BNFT"
"3304","BNTC"
"3305","BNTCW"
"3306","BYSI"
"3307","BGCP"
"3308","BGFV"
"3309","BRPA"
"3310","BRPAR"
"3311","BRPAU"
"3312","BRPAW"
"3313","BASI"
"3314","ORPN"
"3315","BIOC"
"3316","BCRX"
"3317","BDSI"
"3318","BFRA"
"3319","BIIB"
"3320","BKYI"
"3321","BIOL"
"3322","BLFS"
"3323","BLRX"
"3324","BMRN"
"3325","BMRA"
"3326","BVXV"
"3327","BVXVW"
"3328","BPTH"
"3329","BIOS"
"3330","BSTC"
"3331","BSPM"
"3332","TECH"
"3333","BEAT"
"3334","BTAI"
"3335","BCAC"
"3336","BCACR"
"3337","BCACU"
"3338","BCACW"
"3339","BJRI"
"3340","BBOX"
"3341","BRAC"
"3342","BRACR"
"3343","BRACU"
"3344","BRACW"
"3345","BLKB"
"3346","HAWK"
"3347","BL"
"3348","BKCC"
"3349","ADRA"
"3350","ADRD"
"3351","ADRE"
"3352","ADRU"
"3353","BLNK"
"3354","BLNKW"
"3355","BLMN"
"3356","BCOR"
"3357","BLBD"
"3358","BUFF"
"3359","BHBK"
"3360","BLUE"
"3361","BKEP"
"3362","BKEPP"
"3363","BPMC"
"3364","ITEQ"
"3365","BMCH"
"3366","BOFI"
"3367","BOFIL"
"3368","WIFI"
"3369","BOJA"
"3370","BOKF"
"3371","BOKFL"
"3372","BNSO"
"3373","BKNG"
"3374","BRQS"
"3375","BOMN"
"3376","BPFH"
"3377","BPFHP"
"3378","BPFHW"
"3379","EPAY"
"3380","BOXL"
"3381","BCLI"
"3382","BVNSC"
"3383","BBRG"
"3384","BDGE"
"3385","BLIN"
"3386","BWB"
"3387","BRID"
"3388","BCOV"
"3389","BHF"
"3390","AVGO"
"3391","BVSN"
"3392","BYFC"
"3393","BWEN"
"3394","BPY"
"3395","BRKL"
"3396","BRKS"
"3397","BRKR"
"3398","BMTC"
"3399","BLMT"
"3400","BSQR"
"3401","BLDR"
"3402","BUR"
"3403","CFFI"
"3404","CHRW"
"3405","CA"
"3406","CCMP"
"3407","CDNS"
"3408","CDZI"
"3409","CZR"
"3410","CSTE"
"3411","PRSS"
"3412","CLBS"
"3413","CHY"
"3414","CHI"
"3415","CCD"
"3416","CHW"
"3417","CGO"
"3418","CSQ"
"3419","CAMP"
"3420","CVGW"
"3421","CALA"
"3422","CALD"
"3423","CALM"
"3424","CLMT"
"3425","CRUSC"
"3426","CLXT"
"3427","ABCD"
"3428","CATC"
"3429","CAC"
"3430","CAMT"
"3431","CSIQ"
"3432","CGIX"
"3433","CPHC"
"3434","CPLA"
"3435","CCBG"
"3436","CPLP"
"3437","CSWC"
"3438","CSWCL"
"3439","CPTA"
"3440","CPTAG"
"3441","CPTAL"
"3442","CFFN"
"3443","CAPR"
"3444","CSTR"
"3445","CPST"
"3446","CARA"
"3447","CARB"
"3448","CRME"
"3449","CSII"
"3450","CDLX"
"3451","CATM"
"3452","CDNA"
"3453","CECO"
"3454","CTRE"
"3455","CARG"
"3456","CARO"
"3457","CART"
"3458","CRZO"
"3459","TAST"
"3460","CARV"
"3461","CASM"
"3462","CASA"
"3463","CWST"
"3464","CASY"
"3465","CASI"
"3466","CASS"
"3467","CATB"
"3468","CBIO"
"3469","CPRX"
"3470","CATS"
"3471","CATY"
"3472","CATYW"
"3473","CVCO"
"3474","CAVM"
"3475","CBFV"
"3476","CBAK"
"3477","CBOE"
"3478","CBTX"
"3479","CCUR"
"3480","CDK"
"3481","CDTI"
"3482","CDW"
"3483","CECE"
"3484","CELC"
"3485","CELG"
"3486","CELGZ"
"3487","CLDX"
"3488","APOP"
"3489","APOPW"
"3490","CLRB"
"3491","CLRBW"
"3492","CLRBZ"
"3493","CLLS"
"3494","CBMG"
"3495","CLSN"
"3496","CELH"
"3497","CYAD"
"3498","CETX"
"3499","CETXP"
"3500","CETXW"
"3501","CDEV"
"3502","CSFL"
"3503","CETV"
"3504","CFBK"
"3505","CENT"
"3506","CENTA"
"3507","CVCY"
"3508","CENX"
"3509","CNBKA"
"3510","CNTY"
"3511","CRNT"
"3512","CERC"
"3513","CERCW"
"3514","CERN"
"3515","CERS"
"3516","KOOL"
"3517","CEVA"
"3518","CSBR"
"3519","CYOU"
"3520","BURG"
"3521","CTHR"
"3522","GTLS"
"3523","CHTR"
"3524","CHFN"
"3525","CHKP"
"3526","CHEK"
"3527","CHEKW"
"3528","CKPT"
"3529","CEMI"
"3530","CHFC"
"3531","CCXI"
"3532","CHMG"
"3533","CHKE"
"3534","CHFS"
"3535","CHMA"
"3536","CSSE"
"3537","PLCE"
"3538","CMRX"
"3539","CADC"
"3540","CALI"
"3541","CAAS"
"3542","CBPO"
"3543","CCCL"
"3544","CCCR"
"3545","CCRC"
"3546","JRJC"
"3547","HGSH"
"3548","CNIT"
"3549","CIFS"
"3550","CJJD"
"3551","CLDC"
"3552","HTHT"
"3553","CHNR"
"3554","CREG"
"3555","CNTF"
"3556","CXDC"
"3557","CCIH"
"3558","CNET"
"3559","IMOS"
"3560","CDXC"
"3561","CHSCL"
"3562","CHSCM"
"3563","CHSCN"
"3564","CHSCO"
"3565","CHSCP"
"3566","CHDN"
"3567","CHUY"
"3568","CDTX"
"3569","CMCT"
"3570","CMCTP"
"3571","CMPR"
"3572","CINF"
"3573","CIDM"
"3574","CTAS"
"3575","CRUS"
"3576","CSCO"
"3577","CTRN"
"3578","CTXR"
"3579","CTXRW"
"3580","CZNC"
"3581","CZWI"
"3582","CZFC"
"3583","CIZN"
"3584","CTXS"
"3585","CHCO"
"3586","CIVB"
"3587","CIVBP"
"3588","CLAR"
"3589","CLNE"
"3590","CACG"
"3591","YLDE"
"3592","LRGE"
"3593","CLFD"
"3594","CLRO"
"3595","CLSD"
"3596","CLIR"
"3597","CLIRW"
"3598","CMTA"
"3599","CBLI"
"3600","CSBK"
"3601","CLVS"
"3602","CMFN"
"3603","CMSS"
"3604","CMSSR"
"3605","CMSSU"
"3606","CMSSW"
"3607","CME"
"3608","CCNE"
"3609","CWAY"
"3610","COBZ"
"3611","COKE"
"3612","COCP"
"3613","CODA"
"3614","CDXS"
"3615","CODX"
"3616","CVLY"
"3617","JVA"
"3618","CCOI"
"3619","CGNT"
"3620","COGT"
"3621","CGNX"
"3622","CTSH"
"3623","CWBR"
"3624","COHR"
"3625","CHRS"
"3626","COHU"
"3627","CLCT"
"3628","COLL"
"3629","CIGI"
"3630","CLGN"
"3631","CBAN"
"3632","COLB"
"3633","COLM"
"3634","CMCO"
"3635","CMCSA"
"3636","CBSH"
"3637","CBSHP"
"3638","CHUBA"
"3639","CHUBK"
"3640","CVGI"
"3641","COMM"
"3642","JCS"
"3643","ESXB"
"3644","CFBI"
"3645","CYHHZ"
"3646","CTBI"
"3647","CWBC"
"3648","CVLT"
"3649","CGEN"
"3650","CPSI"
"3651","CTG"
"3652","CHCI"
"3653","CMTL"
"3654","CNAT"
"3655","CNCE"
"3656","CXRX"
"3657","CDOR"
"3658","CFMS"
"3659","CNFR"
"3660","CNMD"
"3661","CTWS"
"3662","CNOB"
"3663","CONN"
"3664","CNSL"
"3665","CWCO"
"3666","CNAC"
"3667","CNACR"
"3668","CNACU"
"3669","CNACW"
"3670","CPSS"
"3671","CFRX"
"3672","CTRV"
"3673","CTRL"
"3674","CVON"
"3675","CVONW"
"3676","CPRT"
"3677","CRBP"
"3678","CORT"
"3679","CORE"
"3680","CORI"
"3681","CSOD"
"3682","CRVL"
"3683","CRVS"
"3684","CSGP"
"3685","COST"
"3686","CPAH"
"3687","ICBK"
"3688","COUP"
"3689","CVTI"
"3690","COWN"
"3691","COWNZ"
"3692","PMTS"
"3693","CPSH"
"3694","CRAI"
"3695","CBRL"
"3696","BREW"
"3697","CRAY"
"3698","CACC"
"3699","DGLD"
"3700","DSLV"
"3701","GLDI"
"3702","SLVO"
"3703","TVIX"
"3704","TVIZ"
"3705","UGLD"
"3706","USLV"
"3707","USOI"
"3708","VIIX"
"3709","VIIZ"
"3710","ZIV"
"3711","CREE"
"3712","CRESY"
"3713","CRSP"
"3714","CRTO"
"3715","CROX"
"3716","CRON"
"3717","CCRN"
"3718","CRWS"
"3719","CYRX"
"3720","CYRXW"
"3721","CSGS"
"3722","CCLP"
"3723","CSPI"
"3724","CSWI"
"3725","CSX"
"3726","CTIC"
"3727","CTIB"
"3728","CTRP"
"3729","CUE"
"3730","CUI"
"3731","CPIX"
"3732","CRIS"
"3733","CUTR"
"3734","CVBF"
"3735","CVV"
"3736","CYAN"
"3737","CYBR"
"3738","CYBE"
"3739","CYCC"
"3740","CYCCP"
"3741","CBAY"
"3742","CY"
"3743","CYRN"
"3744","CONE"
"3745","CYTK"
"3746","CTMX"
"3747","CYTX"
"3748","CYTXW"
"3749","CTSO"
"3750","CYTR"
"3751","DJCO"
"3752","DAKT"
"3753","DARE"
"3754","DRIO"
"3755","DRIOW"
"3756","DZSI"
"3757","DSKE"
"3758","DSKEW"
"3759","DAIO"
"3760","DWCH"
"3761","PLAY"
"3762","DTEA"
"3763","DFNL"
"3764","DINT"
"3765","DUSA"
"3766","DWLD"
"3767","DWSN"
"3768","DBVT"
"3769","DCPH"
"3770","DFRG"
"3771","TACO"
"3772","TACOW"
"3773","DMPI"
"3774","DELT"
"3775","DNLI"
"3776","DENN"
"3777","XRAY"
"3778","DEPO"
"3779","DERM"
"3780","DEST"
"3781","DXLG"
"3782","DSWL"
"3783","DTRM"
"3784","DXCM"
"3785","DFBHU"
"3786","DHXM"
"3787","DHIL"
"3788","FANG"
"3789","DCIX"
"3790","DRNA"
"3791","DFBG"
"3792","DFFN"
"3793","DGII"
"3794","DMRC"
"3795","DRAD"
"3796","DGLY"
"3797","APPS"
"3798","DCOM"
"3799","DIOD"
"3800","DISCA"
"3801","DISCB"
"3802","DISCK"
"3803","DISH"
"3804","DVCR"
"3805","SAUC"
"3806","DLHC"
"3807","BOOM"
"3808","DNBF"
"3809","DOGZ"
"3810","DLTR"
"3811","DLPN"
"3812","DLPNW"
"3813","DGICA"
"3814","DGICB"
"3815","DMLP"
"3816","DORM"
"3817","DOVA"
"3818","LYL"
"3819","DOTA"
"3820","DOTAR"
"3821","DOTAU"
"3822","DOTAW"
"3823","DCAR"
"3824","DRYS"
"3825","DSPG"
"3826","DLTH"
"3827","DNKN"
"3828","DRRX"
"3829","DXPE"
"3830","DYSL"
"3831","DYNT"
"3832","DVAX"
"3833","ETFC"
"3834","EBMT"
"3835","EGBN"
"3836","EGLE"
"3837","EFBI"
"3838","EGRX"
"3839","EWBC"
"3840","EACQ"
"3841","EACQU"
"3842","EACQW"
"3843","EML"
"3844","EAST"
"3845","EASTW"
"3846","EVGBC"
"3847","EVSTC"
"3848","EVFTC"
"3849","EVLMC"
"3850","OKDCC"
"3851","EBAY"
"3852","EBAYL"
"3853","EBIX"
"3854","ELON"
"3855","ECHO"
"3856","SATS"
"3857","EEI"
"3858","ESES"
"3859","EDAP"
"3860","EDGE"
"3861","EDGW"
"3862","EDIT"
"3863","EDUC"
"3864","EGAN"
"3865","EGLT"
"3866","EHTH"
"3867","EIGR"
"3868","EKSO"
"3869","LOCO"
"3870","EMITF"
"3871","ESLT"
"3872","ERI"
"3873","ESIO"
"3874","EA"
"3875","EFII"
"3876","ELSE"
"3877","ELEC"
"3878","ELECU"
"3879","ELECW"
"3880","EBIO"
"3881","DWAC"
"3882","ESBK"
"3883","ELTK"
"3884","EMCI"
"3885","EMCF"
"3886","EMKR"
"3887","EMMS"
"3888","NYNY"
"3889","ENTA"
"3890","ECPG"
"3891","WIRE"
"3892","ENDP"
"3893","ECYT"
"3894","ELGX"
"3895","NDRA"
"3896","NDRAW"
"3897","EIGI"
"3898","WATT"
"3899","EFOI"
"3900","ERII"
"3901","EXXI"
"3902","ENG"
"3903","ENPH"
"3904","ESGR"
"3905","ENFC"
"3906","ENTG"
"3907","EBTC"
"3908","EFSC"
"3909","EPZM"
"3910","PLUS"
"3911","EQIX"
"3912","EQFN"
"3913","EQBK"
"3914","ERIC"
"3915","ERIE"
"3916","ERYP"
"3917","ESCA"
"3918","ESPR"
"3919","ESQ"
"3920","ESSA"
"3921","EPIX"
"3922","ESND"
"3923","ESTR"
"3924","ESTRW"
"3925","VBND"
"3926","VUSE"
"3927","VIDI"
"3928","ETSY"
"3929","CLWT"
"3930","EEFT"
"3931","ESEA"
"3932","EVEP"
"3933","EVBG"
"3934","EVK"
"3935","MRAM"
"3936","EVLV"
"3937","EVFM"
"3938","EVGN"
"3939","EVOK"
"3940","EOLS"
"3941","EVOL"
"3942","EXAS"
"3943","FLAG"
"3944","XELA"
"3945","EXEL"
"3946","EXFO"
"3947","EXLS"
"3948","EXPE"
"3949","EXPD"
"3950","EXPO"
"3951","ESRX"
"3952","XOG"
"3953","EXTR"
"3954","EYEG"
"3955","EYEGW"
"3956","EYEN"
"3957","EZPW"
"3958","FFIV"
"3959","FB"
"3960","DAVE"
"3961","FANH"
"3962","FARM"
"3963","FMAO"
"3964","FFKT"
"3965","FMNB"
"3966","FAMI"
"3967","FARO"
"3968","FAST"
"3969","FAT"
"3970","FATE"
"3971","FBSS"
"3972","FCRE"
"3973","FSAC"
"3974","FSACU"
"3975","FSACW"
"3976","FNHC"
"3977","FENC"
"3978","GSM"
"3979","FFBW"
"3980","FCSC"
"3981","FGEN"
"3982","FDBC"
"3983","ONEQ"
"3984","LION"
"3985","FDUS"
"3986","FDUSL"
"3987","FRGI"
"3988","FITB"
"3989","FITBI"
"3990","FNGN"
"3991","FISI"
"3992","FNSR"
"3993","FNJN"
"3994","FNTE"
"3995","FNTEU"
"3996","FNTEW"
"3997","FEYE"
"3998","FBNC"
"3999","FNLC"
"4000","FRBA"
"4001","BUSE"
"4002","FBIZ"
"4003","FCAP"
"4004","FCFS"
"4005","FCNCA"
"4006","FCBC"
"4007","FCCO"
"4008","FBNK"
"4009","FDEF"
"4010","FFBC"
"4011","FFBCW"
"4012","FFIN"
"4013","THFF"
"4014","FFNW"
"4015","FFWM"
"4016","FGBI"
"4017","FHB"
"4018","INBK"
"4019","INBKL"
"4020","FIBK"
"4021","FRME"
"4022","FMBH"
"4023","FMBI"
"4024","FNWB"
"4025","FSFG"
"4026","FSLR"
"4027","FAAR"
"4028","FPA"
"4029","BICK"
"4030","FBZ"
"4031","FTHI"
"4032","FCAL"
"4033","FCAN"
"4034","FTCS"
"4035","FCEF"
"4036","FCA"
"4037","SKYY"
"4038","RNDM"
"4039","FDT"
"4040","FDTS"
"4041","FVC"
"4042","FV"
"4043","IFV"
"4044","DWPP"
"4045","FEM"
"4046","RNEM"
"4047","FEMB"
"4048","FEMS"
"4049","FTSM"
"4050","FEP"
"4051","FEUZ"
"4052","FGM"
"4053","FTGC"
"4054","FTLB"
"4055","HYLS"
"4056","FHK"
"4057","FTAG"
"4058","FTRI"
"4059","LEGR"
"4060","FPXI"
"4061","YDIV"
"4062","FJP"
"4063","FEX"
"4064","FTC"
"4065","RNLC"
"4066","FTA"
"4067","FLN"
"4068","LMBS"
"4069","FMB"
"4070","FMK"
"4071","FNX"
"4072","FNY"
"4073","RNMC"
"4074","FNK"
"4075","FAD"
"4076","FAB"
"4077","MDIV"
"4078","MCEF"
"4079","FMHI"
"4080","QABA"
"4081","ROBT"
"4082","FTXO"
"4083","QCLN"
"4084","GRID"
"4085","CIBR"
"4086","FTXG"
"4087","CARZ"
"4088","FTXN"
"4089","FTXH"
"4090","FTXD"
"4091","FTXL"
"4092","FONE"
"4093","TDIV"
"4094","FTXR"
"4095","QQEW"
"4096","QQXT"
"4097","QTEC"
"4098","AIRR"
"4099","QINC"
"4100","RDVY"
"4101","RFAP"
"4102","RFDI"
"4103","RFEM"
"4104","RFEU"
"4105","FTSL"
"4106","FYX"
"4107","FYC"
"4108","RNSC"
"4109","FYT"
"4110","SDVY"
"4111","FKO"
"4112","FCVT"
"4113","FDIV"
"4114","FSZ"
"4115","FTW"
"4116","FIXD"
"4117","TUSA"
"4118","FKU"
"4119","RNDV"
"4120","FUNC"
"4121","FUSB"
"4122","SVVC"
"4123","FSV"
"4124","FISV"
"4125","FIVE"
"4126","FPRX"
"4127","FVE"
"4128","FIVN"
"4129","FLEX"
"4130","FLKS"
"4131","FLXN"
"4132","SKOR"
"4133","LKOR"
"4134","MBSD"
"4135","ASET"
"4136","ESGG"
"4137","ESG"
"4138","QLC"
"4139","FPAY"
"4140","FLXS"
"4141","FLIR"
"4142","FLDM"
"4143","FFIC"
"4144","FNBG"
"4145","FNCB"
"4146","FOMX"
"4147","FOGO"
"4148","FONR"
"4149","FSCT"
"4150","FRSX"
"4151","FORM"
"4152","FORTY"
"4153","FORR"
"4154","FRTA"
"4155","FTNT"
"4156","FBIO"
"4157","FBIOP"
"4158","FWRD"
"4159","FORD"
"4160","FWP"
"4161","FOSL"
"4162","FMI"
"4163","FOXF"
"4164","FRAN"
"4165","FELE"
"4166","FRED"
"4167","RAIL"
"4168","FEIM"
"4169","FRPT"
"4170","FTEO"
"4171","FTR"
"4172","FTRPR"
"4173","FRPH"
"4174","FSBW"
"4175","FSBC"
"4176","FTD"
"4177","FTEK"
"4178","FCEL"
"4179","FLGT"
"4180","FORK"
"4181","FLL"
"4182","FULT"
"4183","FNKO"
"4184","FSNN"
"4185","FTFT"
"4186","FFHL"
"4187","WILC"
"4188","GTHX"
"4189","FOANC"
"4190","GRBIC"
"4191","MOGLC"
"4192","GAIA"
"4193","GLPG"
"4194","GALT"
"4195","GLMD"
"4196","GLPI"
"4197","GPIC"
"4198","GRMN"
"4199","GARS"
"4200","GLIBA"
"4201","GLIBP"
"4202","GDS"
"4203","GEMP"
"4204","GENC"
"4205","GFN"
"4206","GFNCP"
"4207","GFNSL"
"4208","GENE"
"4209","GNUS"
"4210","GNMK"
"4211","GNCA"
"4212","GHDX"
"4213","GNTX"
"4214","THRM"
"4215","GEOS"
"4216","GABC"
"4217","GERN"
"4218","GEVO"
"4219","ROCK"
"4220","GIGM"
"4221","GIII"
"4222","GILT"
"4223","GILD"
"4224","GBCI"
"4225","GLAD"
"4226","GLADN"
"4227","GOOD"
"4228","GOODM"
"4229","GOODO"
"4230","GOODP"
"4231","GAIN"
"4232","GAINM"
"4233","GAINN"
"4234","GAINO"
"4235","LAND"
"4236","LANDP"
"4237","GLBZ"
"4238","GBT"
"4239","ENT"
"4240","GBLI"
"4241","GBLIL"
"4242","GBLIZ"
"4243","SELF"
"4244","GWRS"
"4245","KRMA"
"4246","FINX"
"4247","BFIT"
"4248","SNSR"
"4249","LNGR"
"4250","MILN"
"4251","EFAS"
"4252","QQQC"
"4253","BOTZ"
"4254","CATH"
"4255","SOCL"
"4256","ALTY"
"4257","SRET"
"4258","YLCO"
"4259","GLBS"
"4260","GLUU"
"4261","GLYC"
"4262","GOGO"
"4263","GLNG"
"4264","GMLP"
"4265","GMLPP"
"4266","GDEN"
"4267","GOGL"
"4268","GBDC"
"4269","GTIM"
"4270","GPRO"
"4271","GPAQ"
"4272","GPAQU"
"4273","GPAQW"
"4274","GSHT"
"4275","GSHTU"
"4276","GSHTW"
"4277","GOV"
"4278","GOVNI"
"4279","LOPE"
"4280","GRVY"
"4281","GECC"
"4282","GECCL"
"4283","GECCM"
"4284","GEC"
"4285","GLDD"
"4286","GSBC"
"4287","GNBC"
"4288","GRBK"
"4289","GPP"
"4290","GPRE"
"4291","GCBC"
"4292","GLRE"
"4293","GSUM"
"4294","GRIF"
"4295","GRFS"
"4296","GRPN"
"4297","OMAB"
"4298","GGAL"
"4299","GSIT"
"4300","GSVC"
"4301","GTXI"
"4302","GTYH"
"4303","GTYHU"
"4304","GTYHW"
"4305","GBNK"
"4306","GNTY"
"4307","GFED"
"4308","GIFI"
"4309","GURE"
"4310","GPOR"
"4311","GWPH"
"4312","GWGH"
"4313","GYRO"
"4314","HEES"
"4315","HLG"
"4316","HNRG"
"4317","HALL"
"4318","HALO"
"4319","HBK"
"4320","HLNE"
"4321","HBHC"
"4322","HBHCL"
"4323","HAFC"
"4324","HQCL"
"4325","HONE"
"4326","HDNG"
"4327","HLIT"
"4328","HFGIC"
"4329","HBIO"
"4330","HCAP"
"4331","HCAPZ"
"4332","HAS"
"4333","HA"
"4334","HCOM"
"4335","HWKN"
"4336","HWBK"
"4337","HYAC"
"4338","HYACU"
"4339","HYACW"
"4340","HAYN"
"4341","HDS"
"4342","HIIQ"
"4343","HCSG"
"4344","HQY"
"4345","HSTM"
"4346","HTLD"
"4347","HTLF"
"4348","HTBX"
"4349","HEBT"
"4350","HSII"
"4351","HELE"
"4352","HMNY"
"4353","HMTV"
"4354","HNNA"
"4355","HSIC"
"4356","HTBK"
"4357","HFWA"
"4358","HCCI"
"4359","MLHR"
"4360","HRTX"
"4361","HSKA"
"4362","HX"
"4363","HIBB"
"4364","SNLN"
"4365","HPJ"
"4366","HIHO"
"4367","HIMX"
"4368","HIFS"
"4369","HSGX"
"4370","HMNF"
"4371","HMSY"
"4372","HOLI"
"4373","HOLX"
"4374","HBCP"
"4375","HOMB"
"4376","HFBL"
"4377","HMST"
"4378","HMTA"
"4379","HTBI"
"4380","HOFT"
"4381","HOPE"
"4382","HFBC"
"4383","HBNC"
"4384","HZNP"
"4385","HRZN"
"4386","DAX"
"4387","QYLD"
"4388","HDP"
"4389","HPT"
"4390","TWNK"
"4391","TWNKW"
"4392","HMHC"
"4393","HWCC"
"4394","HOVNP"
"4395","HBMD"
"4396","HTGM"
"4397","HUBG"
"4398","HSON"
"4399","HDSN"
"4400","HUNT"
"4401","HUNTU"
"4402","HUNTW"
"4403","HBAN"
"4404","HBANN"
"4405","HBANO"
"4406","HURC"
"4407","HURN"
"4408","HCM"
"4409","HBP"
"4410","HVBC"
"4411","HYGS"
"4412","IDSY"
"4413","IAC"
"4414","IAM"
"4415","IAMXR"
"4416","IAMXW"
"4417","IBKC"
"4418","IBKCO"
"4419","IBKCP"
"4420","ICAD"
"4421","IEP"
"4422","ICCH"
"4423","ICFI"
"4424","ICHR"
"4425","ICLK"
"4426","ICLR"
"4427","ICON"
"4428","ICUI"
"4429","IPWR"
"4430","INVE"
"4431","IDRA"
"4432","IDXX"
"4433","IESC"
"4434","IROQ"
"4435","IFMK"
"4436","INFO"
"4437","IIVI"
"4438","KANG"
"4439","IKNX"
"4440","ILG"
"4441","ILMN"
"4442","ISNS"
"4443","IMMR"
"4444","ICCC"
"4445","IMDZ"
"4446","IMNP"
"4447","IMGN"
"4448","IMMU"
"4449","IMRN"
"4450","IMRNW"
"4451","IMMP"
"4452","IPXL"
"4453","IMPV"
"4454","PI"
"4455","IMMY"
"4456","INCY"
"4457","INDB"
"4458","IBCP"
"4459","IBTX"
"4460","INDU"
"4461","INDUU"
"4462","INDUW"
"4463","ILPT"
"4464","IDSA"
"4465","INFN"
"4466","INFI"
"4467","IPCC"
"4468","IFRX"
"4469","III"
"4470","IFON"
"4471","IMKTA"
"4472","INWK"
"4473","INOD"
"4474","IPHS"
"4475","IOSP"
"4476","INNT"
"4477","ISSC"
"4478","INVA"
"4479","INGN"
"4480","INOV"
"4481","INO"
"4482","INPX"
"4483","INSG"
"4484","NSIT"
"4485","ISIG"
"4486","INSM"
"4487","INSE"
"4488","IIIN"
"4489","PODD"
"4490","INSY"
"4491","NTEC"
"4492","IART"
"4493","IDTI"
"4494","IMTE"
"4495","INTC"
"4496","NTLA"
"4497","IPCI"
"4498","IPAR"
"4499","IBKR"
"4500","ICPT"
"4501","IDCC"
"4502","TILE"
"4503","LINK"
"4504","IMI"
"4505","INAP"
"4506","IBOC"
"4507","ISCA"
"4508","IGLD"
"4509","IIJI"
"4510","IDXG"
"4511","XENT"
"4512","INTX"
"4513","IVAC"
"4514","INTL"
"4515","ITCI"
"4516","IIN"
"4517","INTU"
"4518","ISRG"
"4519","ISTR"
"4520","ISBC"
"4521","ITIC"
"4522","NVIV"
"4523","IVTY"
"4524","IONS"
"4525","IOVA"
"4526","IPAS"
"4527","IPGP"
"4528","IPIC"
"4529","CLRG"
"4530","CSML"
"4531","IRMD"
"4532","IRTC"
"4533","IRIX"
"4534","IRDM"
"4535","IRDMB"
"4536","IRBT"
"4537","IRWD"
"4538","IRCP"
"4539","PMPT"
"4540","SLQD"
"4541","CSJ"
"4542","ISHG"
"4543","SHY"
"4544","TLT"
"4545","IEI"
"4546","IEF"
"4547","AIA"
"4548","COMT"
"4549","ISTB"
"4550","IXUS"
"4551","IUSG"
"4552","IUSV"
"4553","IUSB"
"4554","HEWG"
"4555","SUSB"
"4556","SUSC"
"4557","XT"
"4558","FALN"
"4559","IFEU"
"4560","IFGL"
"4561","IGF"
"4562","GNMA"
"4563","HYXE"
"4564","CIU"
"4565","IGOV"
"4566","EMB"
"4567","MBB"
"4568","JKI"
"4569","ACWX"
"4570","ACWI"
"4571","AAXJ"
"4572","EWZS"
"4573","MCHI"
"4574","ESGD"
"4575","SCZ"
"4576","ESGE"
"4577","EEMA"
"4578","EMXC"
"4579","EUFN"
"4580","IEUS"
"4581","RING"
"4582","MPCT"
"4583","ENZL"
"4584","QAT"
"4585","TUR"
"4586","UAE"
"4587","ESGU"
"4588","IBB"
"4589","SOXX"
"4590","AMCA"
"4591","EMIF"
"4592","ICLN"
"4593","WOOD"
"4594","INDY"
"4595","IJT"
"4596","DVY"
"4597","SHV"
"4598","CRED"
"4599","PFF"
"4600","ISRL"
"4601","ITI"
"4602","ITRI"
"4603","ITRN"
"4604","ITUS"
"4605","IVENC"
"4606","IVFGC"
"4607","IVFVC"
"4608","IZEA"
"4609","JJSF"
"4610","MAYS"
"4611","JBHT"
"4612","JCOM"
"4613","JASO"
"4614","JKHY"
"4615","JACK"
"4616","JXSB"
"4617","JAGX"
"4618","JAKK"
"4619","JMBA"
"4620","JRVR"
"4621","SGQI"
"4622","JSML"
"4623","JSMD"
"4624","JASN"
"4625","JASNW"
"4626","JAZZ"
"4627","JD"
"4628","JSYN"
"4629","JSYNR"
"4630","JSYNU"
"4631","JSYNW"
"4632","JBLU"
"4633","JTPY"
"4634","JCTCF"
"4635","JMU"
"4636","JBSS"
"4637","JOUT"
"4638","JNCE"
"4639","JNP"
"4640","KTWO"
"4641","KALU"
"4642","KALA"
"4643","KALV"
"4644","KMDA"
"4645","KNDI"
"4646","KPTI"
"4647","KAAC"
"4648","KAACU"
"4649","KAACW"
"4650","KZIA"
"4651","KBLM"
"4652","KBLMR"
"4653","KBLMU"
"4654","KBLMW"
"4655","KBSF"
"4656","KCAP"
"4657","KCAPL"
"4658","KRNY"
"4659","KELYA"
"4660","KELYB"
"4661","KMPH"
"4662","KFFB"
"4663","KERX"
"4664","KEQU"
"4665","KTEC"
"4666","KTCC"
"4667","KFRC"
"4668","KE"
"4669","KBAL"
"4670","KIN"
"4671","KGJI"
"4672","KINS"
"4673","KONE"
"4674","KNSL"
"4675","KIRK"
"4676","KTOV"
"4677","KTOVW"
"4678","KLAC"
"4679","KLXI"
"4680","KONA"
"4681","KOPN"
"4682","KRNT"
"4683","KOSS"
"4684","KWEB"
"4685","KTOS"
"4686","KRYS"
"4687","KLIC"
"4688","KURA"
"4689","KVHI"
"4690","FSTR"
"4691","LJPC"
"4692","LSBK"
"4693","LBAI"
"4694","LKFN"
"4695","LAKE"
"4696","LRCX"
"4697","LAMR"
"4698","LANC"
"4699","LCA"
"4700","LCAHU"
"4701","LCAHW"
"4702","LNDC"
"4703","LARK"
"4704","LMRK"
"4705","LMRKO"
"4706","LMRKP"
"4707","LE"
"4708","LSTR"
"4709","LNTH"
"4710","LTRX"
"4711","LSCC"
"4712","LAUR"
"4713","LAWS"
"4714","LAYN"
"4715","LCNB"
"4716","LBIX"
"4717","LPTX"
"4718","LGCY"
"4719","LGCYO"
"4720","LGCYP"
"4721","LTXB"
"4722","DDBI"
"4723","EDBI"
"4724","INFR"
"4725","LVHD"
"4726","SQLV"
"4727","UDBI"
"4728","LACQ"
"4729","LACQU"
"4730","LACQW"
"4731","LMAT"
"4732","TREE"
"4733","LXRX"
"4734","LX"
"4735","LGIH"
"4736","LHCG"
"4737","LLIT"
"4738","LBRDA"
"4739","LBRDK"
"4740","LEXEA"
"4741","LEXEB"
"4742","LBTYA"
"4743","LBTYB"
"4744","LBTYK"
"4745","QRTEA"
"4746","QRTEB"
"4747","LILA"
"4748","LILAK"
"4749","BATRA"
"4750","BATRK"
"4751","FWONA"
"4752","FWONK"
"4753","LSXMA"
"4754","LSXMB"
"4755","LSXMK"
"4756","TAX"
"4757","LTRPA"
"4758","LTRPB"
"4759","LPNT"
"4760","LCUT"
"4761","LFVN"
"4762","LWAY"
"4763","LGND"
"4764","LTBR"
"4765","LPTH"
"4766","LLEX"
"4767","LMB"
"4768","LLNW"
"4769","LMNR"
"4770","LINC"
"4771","LECO"
"4772","LIND"
"4773","LINDW"
"4774","LINU"
"4775","LPCN"
"4776","LQDT"
"4777","LFUS"
"4778","LIVN"
"4779","LOB"
"4780","LIVE"
"4781","LPSN"
"4782","LIVX"
"4783","LKQ"
"4784","LMFA"
"4785","LMFAW"
"4786","LOGI"
"4787","LOGM"
"4788","CNCR"
"4789","LONE"
"4790","LBCC"
"4791","LFIN"
"4792","LOOP"
"4793","LORL"
"4794","LOXO"
"4795","LPLA"
"4796","LRAD"
"4797","LYTS"
"4798","LULU"
"4799","LITE"
"4800","LMNX"
"4801","LUNA"
"4802","LBC"
"4803","MBTF"
"4804","MACQ"
"4805","MACQU"
"4806","MACQW"
"4807","MIII"
"4808","MIIIU"
"4809","MIIIW"
"4810","MBVX"
"4811","MCBC"
"4812","MFNC"
"4813","MTSI"
"4814","MGNX"
"4815","MDGL"
"4816","MAGS"
"4817","MGLN"
"4818","MGIC"
"4819","CALL"
"4820","MNGA"
"4821","MGYR"
"4822","MHLD"
"4823","MSFG"
"4824","MMYT"
"4825","MBUU"
"4826","MLVF"
"4827","MAMS"
"4828","TUSK"
"4829","RPIBC"
"4830","MANH"
"4831","LOAN"
"4832","MNTX"
"4833","MTEX"
"4834","MNKD"
"4835","MANT"
"4836","MARA"
"4837","MCHX"
"4838","MARPS"
"4839","MRNS"
"4840","MKTX"
"4841","MRLN"
"4842","MAR"
"4843","MBII"
"4844","MRTN"
"4845","MMLP"
"4846","MRVL"
"4847","MASI"
"4848","MTCH"
"4849","MTLS"
"4850","MPAC"
"4851","MPACU"
"4852","MPACW"
"4853","MTRX"
"4854","MAT"
"4855","MATR"
"4856","MATW"
"4857","MXIM"
"4858","MXWL"
"4859","MZOR"
"4860","MBFI"
"4861","MBFIO"
"4862","MCFT"
"4863","MGRC"
"4864","MDCA"
"4865","MFIN"
"4866","MFINL"
"4867","MTBC"
"4868","MTBCP"
"4869","MNOV"
"4870","MDSO"
"4871","MDGS"
"4872","MDWD"
"4873","MEDP"
"4874","MEIP"
"4875","MLCO"
"4876","MLNT"
"4877","MLNX"
"4878","MELR"
"4879","MNLO"
"4880","MTSL"
"4881","MELI"
"4882","MBWM"
"4883","MERC"
"4884","MBIN"
"4885","MRCY"
"4886","EBSB"
"4887","MRBK"
"4888","VIVO"
"4889","MRDN"
"4890","MRDNW"
"4891","MMSI"
"4892","MACK"
"4893","MRSN"
"4894","MRUS"
"4895","MLAB"
"4896","MESO"
"4897","CASH"
"4898","MEOH"
"4899","MGEE"
"4900","MGPI"
"4901","MBOT"
"4902","MCHP"
"4903","MU"
"4904","MICT"
"4905","MICTW"
"4906","MSCC"
"4907","MSFT"
"4908","MSTR"
"4909","MVIS"
"4910","MPB"
"4911","MTP"
"4912","MCEP"
"4913","MBCN"
"4914","MSEX"
"4915","MSBI"
"4916","MOFG"
"4917","MIME"
"4918","MDXG"
"4919","MNDO"
"4920","MB"
"4921","NERV"
"4922","MGEN"
"4923","MRTX"
"4924","MSON"
"4925","MIND"
"4926","MINDP"
"4927","MITK"
"4928","MITL"
"4929","MKSI"
"4930","MMAC"
"4931","MINI"
"4932","MOBL"
"4933","MMDM"
"4934","MMDMR"
"4935","MMDMU"
"4936","MMDMW"
"4937","MTEM"
"4938","MBRX"
"4939","MNTA"
"4940","MOMO"
"4941","MKGI"
"4942","MCRI"
"4943","MDLZ"
"4944","MGI"
"4945","MDB"
"4946","MPWR"
"4947","TYPE"
"4948","MNRO"
"4949","MRCC"
"4950","MNST"
"4951","MORN"
"4952","MOSY"
"4953","MTFB"
"4954","MTFBW"
"4955","MPAA"
"4956","MOTS"
"4957","MPVD"
"4958","MOXC"
"4959","MSBF"
"4960","MTEC"
"4961","MTECU"
"4962","MTECW"
"4963","MTGE"
"4964","MTGEP"
"4965","MTSC"
"4966","MUDS"
"4967","MUDSU"
"4968","MUDSW"
"4969","LABL"
"4970","MBIO"
"4971","MFSF"
"4972","MVBF"
"4973","MYSZ"
"4974","MYL"
"4975","MYND"
"4976","MYNDW"
"4977","MYOK"
"4978","MYOS"
"4979","MYRG"
"4980","MYGN"
"4981","NBRV"
"4982","NAKD"
"4983","NNDM"
"4984","NANO"
"4985","NSTG"
"4986","NAOV"
"4987","NH"
"4988","NK"
"4989","NSSC"
"4990","NDAQ"
"4991","NTRA"
"4992","NATH"
"4993","NAUH"
"4994","NKSH"
"4995","FIZZ"
"4996","NCMI"
"4997","NCOM"
"4998","NESR"
"4999","NESRW"
"5000","NGHC"
"5001","NGHCN"
"5002","NGHCO"
"5003","NGHCP"
"5004","NGHCZ"
"5005","NHLD"
"5006","NHLDW"
"5007","NATI"
"5008","NRCIA"
"5009","NRCIB"
"5010","NSEC"
"5011","EYE"
"5012","NWLI"
"5013","NAII"
"5014","NHTC"
"5015","NATR"
"5016","BABY"
"5017","JSM"
"5018","NAVI"
"5019","NBTB"
"5020","NCSM"
"5021","NEBU"
"5022","NEBUU"
"5023","NEBUW"
"5024","NKTR"
"5025","NMRD"
"5026","NEOG"
"5027","NEO"
"5028","NEON"
"5029","NEOS"
"5030","NVCN"
"5031","NEPT"
"5032","UEPS"
"5033","NETE"
"5034","NTAP"
"5035","NTES"
"5036","NFLX"
"5037","NTGR"
"5038","NLST"
"5039","NTCT"
"5040","NTWK"
"5041","CUR"
"5042","NBIX"
"5043","NURO"
"5044","NUROW"
"5045","NTRP"
"5046","NBEV"
"5047","NYMT"
"5048","NYMTN"
"5049","NYMTO"
"5050","NYMTP"
"5051","NEWA"
"5052","NLNK"
"5053","NMRK"
"5054","NWS"
"5055","NWSA"
"5056","NEWT"
"5057","NEWTI"
"5058","NEWTL"
"5059","NEWTZ"
"5060","NXEO"
"5061","NXEOU"
"5062","NXEOW"
"5063","NXST"
"5064","NEXT"
"5065","NFEC"
"5066","NODK"
"5067","EGOV"
"5068","NICE"
"5069","NICK"
"5070","NCBS"
"5071","NITE"
"5072","NIHD"
"5073","NMIH"
"5074","NNBR"
"5075","NDLS"
"5076","NDSN"
"5077","NSYS"
"5078","NBN"
"5079","NTIC"
"5080","NTRS"
"5081","NTRSP"
"5082","NFBK"
"5083","NRIM"
"5084","NWBI"
"5085","NWPX"
"5086","NCLH"
"5087","NWFL"
"5088","NVFY"
"5089","NVMI"
"5090","NOVN"
"5091","NOVT"
"5092","NVAX"
"5093","NVLN"
"5094","NVCR"
"5095","NVMM"
"5096","NVUS"
"5097","NUAN"
"5098","NCNA"
"5099","NTNX"
"5100","NTRI"
"5101","NUVA"
"5102","NVTR"
"5103","QQQX"
"5104","NVEE"
"5105","NVEC"
"5106","NVDA"
"5107","NXPI"
"5108","NXTM"
"5109","NXTD"
"5110","NXTDW"
"5111","NYMX"
"5112","OIIM"
"5113","OVLY"
"5114","OCSL"
"5115","OCSLL"
"5116","OCSI"
"5117","OASM"
"5118","OBLN"
"5119","OBSV"
"5120","OBCI"
"5121","OPTT"
"5122","ORIG"
"5123","OCFC"
"5124","OCLR"
"5125","OFED"
"5126","OCUL"
"5127","ODT"
"5128","OMEX"
"5129","ODP"
"5130","OFS"
"5131","OHAI"
"5132","OVBC"
"5133","OHRP"
"5134","OKTA"
"5135","ODFL"
"5136","OLBK"
"5137","ONB"
"5138","OPOF"
"5139","OSBC"
"5140","OSBCP"
"5141","OLLI"
"5142","ZEUS"
"5143","OFLX"
"5144","OMER"
"5145","OMNT"
"5146","OMCL"
"5147","ON"
"5148","OTIV"
"5149","ONS"
"5150","ONSIW"
"5151","ONSIZ"
"5152","OMED"
"5153","ONTX"
"5154","ONTXW"
"5155","ONCS"
"5156","OHGI"
"5157","OSS"
"5158","OTEX"
"5159","OPESU"
"5160","OPGN"
"5161","OPGNW"
"5162","OPHT"
"5163","OPNT"
"5164","OPK"
"5165","OBAS"
"5166","OCC"
"5167","OPHC"
"5168","OPTN"
"5169","OPB"
"5170","ORMP"
"5171","OSUR"
"5172","ORBC"
"5173","ORBK"
"5174","ORLY"
"5175","OREX"
"5176","ONVO"
"5177","ORGS"
"5178","SEED"
"5179","OESX"
"5180","ORIT"
"5181","ORRF"
"5182","OFIX"
"5183","KIDS"
"5184","OSIS"
"5185","OSPR"
"5186","OSPRU"
"5187","OSPRW"
"5188","OSN"
"5189","OTEL"
"5190","OTIC"
"5191","OTTW"
"5192","OTTR"
"5193","OVAS"
"5194","OSTK"
"5195","OVID"
"5196","OXBR"
"5197","OXBRW"
"5198","OXFD"
"5199","OXLC"
"5200","OXLCM"
"5201","OXLCO"
"5202","PFIN"
"5203","PTSI"
"5204","PCAR"
"5205","PACB"
"5206","PEIX"
"5207","PMBC"
"5208","PPBI"
"5209","PCRX"
"5210","PACW"
"5211","PTIE"
"5212","PAAS"
"5213","PANL"
"5214","PZZA"
"5215","FRSH"
"5216","PRTK"
"5217","PCYG"
"5218","PKBK"
"5219","PRKR"
"5220","PKOH"
"5221","PTNR"
"5222","PBHC"
"5223","PATK"
"5224","PNBK"
"5225","PATI"
"5226","PEGI"
"5227","PDCO"
"5228","PTEN"
"5229","PAVM"
"5230","PAVMW"
"5231","PAYX"
"5232","PCTY"
"5233","PYDS"
"5234","PYPL"
"5235","PBBI"
"5236","CNXN"
"5237","PCMI"
"5238","PCSB"
"5239","PCTI"
"5240","PDCE"
"5241","PDFS"
"5242","PDLI"
"5243","PDLB"
"5244","PDVW"
"5245","SKIS"
"5246","PGC"
"5247","PEGA"
"5248","PENN"
"5249","PVAC"
"5250","PFLT"
"5251","PNNT"
"5252","PWOD"
"5253","WRLS"
"5254","WRLSR"
"5255","WRLSU"
"5256","WRLSW"
"5257","PEBO"
"5258","PEBK"
"5259","PFIS"
"5260","PBCT"
"5261","PBCTP"
"5262","PUB"
"5263","PEP"
"5264","PRCP"
"5265","PRFT"
"5266","PFMT"
"5267","PERI"
"5268","PESI"
"5269","PPIH"
"5270","PTX"
"5271","PERY"
"5272","PGLC"
"5273","PETQ"
"5274","PETS"
"5275","PFSW"
"5276","PGTI"
"5277","PHII"
"5278","PHIIK"
"5279","PAHC"
"5280","PLAB"
"5281","PICO"
"5282","PIRS"
"5283","PPC"
"5284","PME"
"5285","PNK"
"5286","PNFP"
"5287","PPSI"
"5288","PXLW"
"5289","EAGL"
"5290","EAGLU"
"5291","EAGLW"
"5292","PLYA"
"5293","PLXS"
"5294","PLUG"
"5295","PLBC"
"5296","PSTI"
"5297","PLXP"
"5298","PBSK"
"5299","PNTR"
"5300","PCOM"
"5301","POLA"
"5302","COOL"
"5303","POOL"
"5304","POPE"
"5305","BPOP"
"5306","BPOPM"
"5307","BPOPN"
"5308","PBIB"
"5309","PTLA"
"5310","PBPB"
"5311","PCH"
"5312","POWL"
"5313","POWI"
"5314","PLW"
"5315","PKW"
"5316","PFM"
"5317","PYZ"
"5318","PEZ"
"5319","PSL"
"5320","PIZ"
"5321","PIE"
"5322","PXI"
"5323","PFI"
"5324","PTH"
"5325","PRN"
"5326","DWLV"
"5327","PDP"
"5328","DWAQ"
"5329","DWAS"
"5330","DWIN"
"5331","DWTR"
"5332","PTF"
"5333","PUI"
"5334","IDLB"
"5335","PRFZ"
"5336","PAGG"
"5337","PSAU"
"5338","PIO"
"5339","PGJ"
"5340","PEY"
"5341","IPKW"
"5342","PID"
"5343","KBWB"
"5344","KBWD"
"5345","KBWY"
"5346","KBWP"
"5347","KBWR"
"5348","LDRI"
"5349","LALT"
"5350","PNQI"
"5351","PDBC"
"5352","QQQ"
"5353","USLB"
"5354","PSCD"
"5355","PSCC"
"5356","PSCE"
"5357","PSCF"
"5358","PSCH"
"5359","PSCI"
"5360","PSCT"
"5361","PSCM"
"5362","PSCU"
"5363","VRIG"
"5364","PHO"
"5365","PRAA"
"5366","PRAH"
"5367","PRAN"
"5368","PRPO"
"5369","AIPT"
"5370","PFBC"
"5371","PLPC"
"5372","PFBI"
"5373","PINC"
"5374","LENS"
"5375","PSDO"
"5376","PRGX"
"5377","PSMT"
"5378","PNRG"
"5379","PRMW"
"5380","PRIM"
"5381","PVAL"
"5382","PFG"
"5383","BTEC"
"5384","PXUS"
"5385","GENY"
"5386","PSET"
"5387","PY"
"5388","PMOM"
"5389","USMC"
"5390","PSC"
"5391","PDEX"
"5392","IPDN"
"5393","PFIE"
"5394","PGNX"
"5395","PRGS"
"5396","LUNG"
"5397","PFPT"
"5398","PRPH"
"5399","PRQR"
"5400","EQRR"
"5401","BIB"
"5402","UBIO"
"5403","TQQQ"
"5404","ZBIO"
"5405","SQQQ"
"5406","BIS"
"5407","PSEC"
"5408","PTGX"
"5409","PRTO"
"5410","PTI"
"5411","PRTA"
"5412","PVBC"
"5413","PROV"
"5414","PBIP"
"5415","PSDV"
"5416","PMD"
"5417","PTC"
"5418","PTCT"
"5419","PULM"
"5420","PLSE"
"5421","PBYI"
"5422","PCYO"
"5423","PRPL"
"5424","PRPLW"
"5425","PXS"
"5426","QADA"
"5427","QADB"
"5428","QCRH"
"5429","QGEN"
"5430","QIWI"
"5431","QRVO"
"5432","QCOM"
"5433","QSII"
"5434","QBAK"
"5435","QLYS"
"5436","QTNA"
"5437","QTRX"
"5438","QTRH"
"5439","QRHC"
"5440","QUIK"
"5441","QDEL"
"5442","QNST"
"5443","QUMU"
"5444","QTNT"
"5445","RRD"
"5446","RCM"
"5447","RARX"
"5448","RADA"
"5449","RDCM"
"5450","RSYS"
"5451","RDUS"
"5452","RDNT"
"5453","RDWR"
"5454","METC"
"5455","RMBS"
"5456","RAND"
"5457","GOLD"
"5458","RNDB"
"5459","RPD"
"5460","RAVE"
"5461","RAVN"
"5462","RBB"
"5463","ROLL"
"5464","RICK"
"5465","RCMT"
"5466","RDI"
"5467","RDIB"
"5468","RGSE"
"5469","BLCN"
"5470","RNWK"
"5471","RP"
"5472","RETA"
"5473","RCON"
"5474","REPH"
"5475","RRGB"
"5476","RRR"
"5477","RDVTV"
"5478","RDFN"
"5479","RDHL"
"5480","REGN"
"5481","RGNX"
"5482","RGLS"
"5483","REIS"
"5484","RBNC"
"5485","RELV"
"5486","MARK"
"5487","RNST"
"5488","REGI"
"5489","ABAC"
"5490","RCII"
"5491","RGEN"
"5492","RBCAA"
"5493","FRBK"
"5494","REFR"
"5495","RSLS"
"5496","RESN"
"5497","RECN"
"5498","HAIR"
"5499","TORC"
"5500","ROIC"
"5501","RETO"
"5502","RTRX"
"5503","RVNC"
"5504","RVEN"
"5505","RVLT"
"5506","RWLK"
"5507","REXX"
"5508","RFIL"
"5509","RGCO"
"5510","RYTM"
"5511","RBBN"
"5512","RIBT"
"5513","RIBTW"
"5514","RELL"
"5515","RIGL"
"5516","RNET"
"5517","RMNI"
"5518","RIOT"
"5519","REDU"
"5520","RTTR"
"5521","RVSB"
"5522","RLJE"
"5523","RMGN"
"5524","ROBO"
"5525","RCKT"
"5526","RMTI"
"5527","RCKY"
"5528","RMCF"
"5529","ROKU"
"5530","ROSE"
"5531","ROSEU"
"5532","ROSEW"
"5533","ROSG"
"5534","ROST"
"5535","RGLD"
"5536","RPXC"
"5537","RTIX"
"5538","RBCN"
"5539","RMBL"
"5540","RUSHA"
"5541","RUSHB"
"5542","RUTH"
"5543","RXII"
"5544","RXIIW"
"5545","RYAAY"
"5546","STBA"
"5547","SANW"
"5548","SCAC"
"5549","SCACU"
"5550","SCACW"
"5551","SBRA"
"5552","SBRAP"
"5553","SABR"
"5554","SAEX"
"5555","SAFT"
"5556","SAGE"
"5557","SAIA"
"5558","SALM"
"5559","SAL"
"5560","SAFM"
"5561","SASR"
"5562","SGMO"
"5563","SANM"
"5564","GCVRZ"
"5565","SPNS"
"5566","SRPT"
"5567","SVRA"
"5568","SBFG"
"5569","SBFGP"
"5570","SBAC"
"5571","SCSC"
"5572","SMIT"
"5573","SCHN"
"5574","SCHL"
"5575","SGMS"
"5576","SCPH"
"5577","SCYX"
"5578","SEAC"
"5579","SBCF"
"5580","STX"
"5581","SHIP"
"5582","SHIPW"
"5583","SHLD"
"5584","SHLDW"
"5585","SHOS"
"5586","SPNE"
"5587","SGEN"
"5588","EYES"
"5589","EYESW"
"5590","SECO"
"5591","SCWX"
"5592","SNFCA"
"5593","SEIC"
"5594","SLCT"
"5595","SIR"
"5596","SELB"
"5597","SIGI"
"5598","SLS"
"5599","LEDS"
"5600","SMTC"
"5601","SENEA"
"5602","SENEB"
"5603","SNES"
"5604","SNH"
"5605","SNHNI"
"5606","SNHNL"
"5607","AIHS"
"5608","SNMX"
"5609","SRTS"
"5610","SRTSW"
"5611","STNL"
"5612","STNLU"
"5613","STNLW"
"5614","SQBG"
"5615","MCRB"
"5616","SREV"
"5617","SFBS"
"5618","SSC"
"5619","SVBI"
"5620","SGBX"
"5621","SGOC"
"5622","SEII"
"5623","SMED"
"5624","SHSP"
"5625","SHEN"
"5626","PIXY"
"5627","SHLO"
"5628","TYHT"
"5629","SHPG"
"5630","SCVL"
"5631","SHBI"
"5632","SSTI"
"5633","SFLY"
"5634","SIFI"
"5635","SIEB"
"5636","SNNA"
"5637","SIEN"
"5638","BSRR"
"5639","SRRA"
"5640","SWIR"
"5641","SIFY"
"5642","SIGM"
"5643","SGLB"
"5644","SGLBW"
"5645","SGMA"
"5646","SBNY"
"5647","SBNYW"
"5648","SLGN"
"5649","SILC"
"5650","SLAB"
"5651","SIMO"
"5652","SPIL"
"5653","SAMG"
"5654","SSNT"
"5655","SFNC"
"5656","SLP"
"5657","SINA"
"5658","SBGI"
"5659","SINO"
"5660","SVA"
"5661","SIRI"
"5662","SITO"
"5663","SKYS"
"5664","SKYW"
"5665","SWKS"
"5666","SNBR"
"5667","SLM"
"5668","SLMBP"
"5669","SGH"
"5670","SND"
"5671","SMBK"
"5672","SMSI"
"5673","SMTX"
"5674","LNCE"
"5675","SRAX"
"5676","SCKT"
"5677","SODA"
"5678","SOHU"
"5679","SLRC"
"5680","SUNS"
"5681","SEDG"
"5682","SLNO"
"5683","SLNOW"
"5684","SLGL"
"5685","SLDB"
"5686","SNGX"
"5687","SNGXW"
"5688","SONC"
"5689","SOFO"
"5690","SNOA"
"5691","SNOAW"
"5692","SPHS"
"5693","SORL"
"5694","SRNE"
"5695","SOHO"
"5696","SOHOB"
"5697","SOHOO"
"5698","SOHOK"
"5699","SFBC"
"5700","SSB"
"5701","SFST"
"5702","SMBC"
"5703","SONA"
"5704","SBSI"
"5705","SP"
"5706","SGRP"
"5707","SPKE"
"5708","SPKEP"
"5709","ONCE"
"5710","SPAR"
"5711","SPTN"
"5712","DWFI"
"5713","SPPI"
"5714","SPRO"
"5715","ANY"
"5716","SPEX"
"5717","SPI"
"5718","SAVE"
"5719","SPLK"
"5720","SPOK"
"5721","SPWH"
"5722","SBPH"
"5723","FUND"
"5724","SFM"
"5725","SPSC"
"5726","SSNC"
"5727","SSLJ"
"5728","SSRM"
"5729","STAA"
"5730","STAF"
"5731","STMP"
"5732","SBLK"
"5733","SBLKZ"
"5734","SBUX"
"5735","STFC"
"5736","STBZ"
"5737","STDY"
"5738","GASS"
"5739","STCN"
"5740","STLD"
"5741","SMRT"
"5742","STLR"
"5743","STLRU"
"5744","STLRW"
"5745","SBOT"
"5746","STML"
"5747","SRCL"
"5748","SRCLP"
"5749","SBT"
"5750","STRL"
"5751","SHOO"
"5752","SSFN"
"5753","SFIX"
"5754","SYBT"
"5755","BANX"
"5756","SSKN"
"5757","SSYS"
"5758","HNDL"
"5759","STRT"
"5760","STRS"
"5761","STRA"
"5762","STRM"
"5763","SBBP"
"5764","STB"
"5765","SUMR"
"5766","SMMF"
"5767","SSBI"
"5768","SMMT"
"5769","SNHY"
"5770","SNDE"
"5771","SNSS"
"5772","STKL"
"5773","SPWR"
"5774","RUN"
"5775","SUNW"
"5776","SMCI"
"5777","SPCB"
"5778","SCON"
"5779","SGC"
"5780","SUPN"
"5781","SPRT"
"5782","SGRY"
"5783","SRDX"
"5784","SBBX"
"5785","SIVB"
"5786","SYKE"
"5787","SYMC"
"5788","SYNC"
"5789","SYNL"
"5790","SYNA"
"5791","SNCR"
"5792","SNDX"
"5793","SYNH"
"5794","SGYP"
"5795","SYBX"
"5796","SNPS"
"5797","SYNT"
"5798","SES"
"5799","SYPR"
"5800","SYRS"
"5801","TROW"
"5802","TTOO"
"5803","TRHC"
"5804","TCMD"
"5805","TAIT"
"5806","TTWO"
"5807","TLND"
"5808","TNDM"
"5809","TLF"
"5810","TANH"
"5811","TPIV"
"5812","TEDU"
"5813","TATT"
"5814","TAYD"
"5815","CGBD"
"5816","TCPC"
"5817","AMTD"
"5818","PETZ"
"5819","TECD"
"5820","TCCO"
"5821","TTGT"
"5822","TGLS"
"5823","TGEN"
"5824","TNAV"
"5825","TLGT"
"5826","TELL"
"5827","TENX"
"5828","TERP"
"5829","TBNK"
"5830","TSRO"
"5831","TSLA"
"5832","TESS"
"5833","TTEK"
"5834","TTPH"
"5835","TCBI"
"5836","TCBIL"
"5837","TCBIP"
"5838","TCBIW"
"5839","TXN"
"5840","TXRH"
"5841","TFSL"
"5842","TGTX"
"5843","ANDE"
"5844","TBBK"
"5845","BPRN"
"5846","CG"
"5847","TCGP"
"5848","CAKE"
"5849","CHEF"
"5850","TCFC"
"5851","DSGX"
"5852","DXYN"
"5853","ENSG"
"5854","XONE"
"5855","FINL"
"5856","FBMS"
"5857","FLIC"
"5858","GT"
"5859","HABT"
"5860","HCKT"
"5861","HAIN"
"5862","CUBA"
"5863","INTG"
"5864","JYNT"
"5865","KEYW"
"5866","KHC"
"5867","OLD"
"5868","MSG"
"5869","MDCO"
"5870","MEET"
"5871","MIK"
"5872","MIDD"
"5873","NAVG"
"5874","SLIM"
"5875","STKS"
"5876","ORG"
"5877","PRSC"
"5878","RMR"
"5879","SMPL"
"5880","SMPLW"
"5881","TSG"
"5882","TTD"
"5883","ULTI"
"5884","YORW"
"5885","NCTY"
"5886","TXMD"
"5887","TRPX"
"5888","TBPH"
"5889","TST"
"5890","TCRD"
"5891","TIBRU"
"5892","TICC"
"5893","TICCL"
"5894","TIG"
"5895","TTS"
"5896","TIL"
"5897","TSBK"
"5898","TNTR"
"5899","TIPT"
"5900","TITN"
"5901","TTNP"
"5902","TVTY"
"5903","TIVO"
"5904","TMUS"
"5905","TMSR"
"5906","TMSRW"
"5907","TOCA"
"5908","TNXP"
"5909","TISA"
"5910","TOPS"
"5911","TRCH"
"5912","TRMD"
"5913","TSEM"
"5914","CLUB"
"5915","TOWN"
"5916","TPIC"
"5917","TCON"
"5918","TSCO"
"5919","TWMC"
"5920","TACT"
"5921","TRNS"
"5922","TGA"
"5923","TA"
"5924","TANNI"
"5925","TANNL"
"5926","TANNZ"
"5927","TZOO"
"5928","TRMT"
"5929","TRVN"
"5930","TCBK"
"5931","TRIL"
"5932","TRS"
"5933","TRMB"
"5934","TRIB"
"5935","TRIP"
"5936","TSC"
"5937","TBK"
"5938","TRVG"
"5939","TRNC"
"5940","TROV"
"5941","TRUE"
"5942","THST"
"5943","TRUP"
"5944","TRST"
"5945","TRMK"
"5946","TSRI"
"5947","TTEC"
"5948","TTMI"
"5949","TCX"
"5950","TUES"
"5951","TOUR"
"5952","HEAR"
"5953","FOX"
"5954","FOXA"
"5955","TWIN"
"5956","TRCB"
"5957","TYME"
"5958","USCR"
"5959","PRTS"
"5960","USEG"
"5961","GROW"
"5962","USAU"
"5963","UBNT"
"5964","UFPT"
"5965","ULTA"
"5966","UCTT"
"5967","UPL"
"5968","RARE"
"5969","ULBI"
"5970","UMBF"
"5971","UMPQ"
"5972","UNAM"
"5973","UBSH"
"5974","UNB"
"5975","QURE"
"5976","UBCP"
"5977","UBOH"
"5978","UBSI"
"5979","UCBA"
"5980","UCBI"
"5981","UCFC"
"5982","UBNK"
"5983","UFCS"
"5984","UIHC"
"5985","UNFI"
"5986","UBFO"
"5987","USLM"
"5988","UTHR"
"5989","UG"
"5990","UNIT"
"5991","UNTY"
"5992","OLED"
"5993","UEIC"
"5994","UFPI"
"5995","ULH"
"5996","USAP"
"5997","UVSP"
"5998","UPLD"
"5999","UONE"
"6000","UONEK"
"6001","URBN"
"6002","URGN"
"6003","ECOL"
"6004","USAT"
"6005","USATP"
"6006","USAK"
"6007","UTMD"
"6008","UTSI"
"6009","VLRX"
"6010","VALX"
"6011","VALU"
"6012","VNDA"
"6013","BBH"
"6014","GNRX"
"6015","PPH"
"6016","VWOB"
"6017","VNQI"
"6018","VCIT"
"6019","VGIT"
"6020","VIGI"
"6021","VYMI"
"6022","VCLT"
"6023","VGLT"
"6024","VMBS"
"6025","VONE"
"6026","VONG"
"6027","VONV"
"6028","VTWO"
"6029","VTWG"
"6030","VTWV"
"6031","VTHR"
"6032","VCSH"
"6033","VTIP"
"6034","VGSH"
"6035","VTC"
"6036","BNDX"
"6037","VXUS"
"6038","VEAC"
"6039","VEACU"
"6040","VEACW"
"6041","VREX"
"6042","VRNS"
"6043","VDSI"
"6044","VBLT"
"6045","VXRT"
"6046","VBIV"
"6047","VECO"
"6048","VEON"
"6049","VRA"
"6050","VCYT"
"6051","VSTM"
"6052","VCEL"
"6053","VRNT"
"6054","VRSN"
"6055","VRSK"
"6056","VBTX"
"6057","VERI"
"6058","VRML"
"6059","VRNA"
"6060","VSAR"
"6061","VTNR"
"6062","VRTX"
"6063","VERU"
"6064","VIA"
"6065","VIAB"
"6066","VSAT"
"6067","VIAV"
"6068","VICL"
"6069","VICR"
"6070","VCTR"
"6071","CIZ"
"6072","VSDA"
"6073","CEY"
"6074","CEZ"
"6075","CID"
"6076","CIL"
"6077","CFO"
"6078","CFA"
"6079","CSF"
"6080","CDC"
"6081","CDL"
"6082","VSMV"
"6083","CSB"
"6084","CSA"
"6085","VDTH"
"6086","VRAY"
"6087","VKTX"
"6088","VKTXW"
"6089","VBFC"
"6090","VLGEA"
"6091","VNOM"
"6092","VIRC"
"6093","VIRT"
"6094","VRTS"
"6095","VRTSP"
"6096","BBC"
"6097","BBP"
"6098","VRTU"
"6099","VTGN"
"6100","VC"
"6101","VTL"
"6102","VIVE"
"6103","VVPR"
"6104","VVUS"
"6105","VOD"
"6106","VOXX"
"6107","VYGR"
"6108","VSEC"
"6109","VTVT"
"6110","VUZI"
"6111","WBA"
"6112","WAFD"
"6113","WAFDW"
"6114","WASH"
"6115","WSBF"
"6116","WVE"
"6117","WSTG"
"6118","WCFB"
"6119","WDFC"
"6120","WEB"
"6121","WB"
"6122","WEBK"
"6123","WEN"
"6124","WERN"
"6125","WSBC"
"6126","WTBA"
"6127","WABC"
"6128","WSTL"
"6129","WDC"
"6130","WNEB"
"6131","WLB"
"6132","WPRT"
"6133","WWR"
"6134","WEYS"
"6135","WHLR"
"6136","WHLRD"
"6137","WHLRP"
"6138","WHLRW"
"6139","WHF"
"6140","WHFBL"
"6141","WHLM"
"6142","WVVI"
"6143","WVVIP"
"6144","WLDN"
"6145","WLFC"
"6146","WLTW"
"6147","WSC"
"6148","WSCWW"
"6149","WIN"
"6150","WING"
"6151","WINA"
"6152","WINS"
"6153","WTFC"
"6154","WTFCM"
"6155","WTFCW"
"6156","AGZD"
"6157","AGND"
"6158","CXSE"
"6159","EMCG"
"6160","EMCB"
"6161","DGRE"
"6162","DXGE"
"6163","HYZD"
"6164","WETF"
"6165","DXJS"
"6166","GULF"
"6167","HYND"
"6168","DGRW"
"6169","DGRS"
"6170","DXPS"
"6171","WIX"
"6172","WMIH"
"6173","WWD"
"6174","WDAY"
"6175","WKHS"
"6176","WRLD"
"6177","WMGI"
"6178","WMGIZ"
"6179","WSFS"
"6180","WSCI"
"6181","WVFC"
"6182","WYNN"
"6183","XBIT"
"6184","XELB"
"6185","XEL"
"6186","XCRA"
"6187","XNCR"
"6188","XBIO"
"6189","XENE"
"6190","XGTI"
"6191","XGTIW"
"6192","XLNX"
"6193","XOMA"
"6194","XPER"
"6195","XPLR"
"6196","XSPA"
"6197","XTLB"
"6198","XNET"
"6199","YNDX"
"6200","YRIV"
"6201","YTRA"
"6202","YTEN"
"6203","YIN"
"6204","YOGA"
"6205","YGYI"
"6206","YRCW"
"6207","YECO"
"6208","YY"
"6209","ZFGN"
"6210","ZAGG"
"6211","ZLAB"
"6212","ZAIS"
"6213","ZEAL"
"6214","ZBRA"
"6215","Z"
"6216","ZG"
"6217","ZN"
"6218","ZNWAA"
"6219","ZION"
"6220","ZIONW"
"6221","ZIONZ"
"6222","ZIOP"
"6223","ZIXI"
"6224","ZKIN"
"6225","ZGNX"
"6226","ZSAN"
"6227","ZS"
"6228","ZUMZ"
"6229","ZYNE"
"6230","ZNGA"
"6231","btc"
"6232","eth"
"6233","ltc"
"6234","bch"
"6235","eos"
"6236","ada"
"6237","neo"
"6238","etc"
